FullName,email,Gender,Country,Assets,Industry,Newsletter
Grenville Di Iorio,gdi0@issuu.com,Male,Finland,$7495822.10,Health Care,Yearly
Esmeralda Wintle,ewintle1@si.edu,Female,Norway,$3725582.05,n/a,Never
Brantley Schwaiger,bschwaiger2@addtoany.com,Male,Brazil,$1427980.32,Finance,Often
Tisha Titchard,ttitchard3@xing.com,Female,China,$385520.63,Technology,Once
Shurlocke Labroue,slabroue4@cbsnews.com,Male,China,$4597033.89,Technology,Daily
Corissa Hinsche,chinsche5@archive.org,Female,Thailand,$2775585.81,Capital Goods,Seldom
Nikaniki Bromwich,nbromwich6@fotki.com,Female,Canada,$1229753.26,Basic Industries,Once
Derek Huddart,dhuddart7@zimbio.com,Male,Sweden,$7711777.47,Finance,Monthly
Marcello Longstreet,mlongstreet8@japanpost.jp,Male,Brazil,$5303423.86,n/a,Monthly
Onfroi Salvidge,osalvidge9@elpais.com,Male,Brazil,$6759935.58,Finance,Weekly
Jasen Pugh,jpugha@i2i.jp,Male,Cuba,$7420302.56,Health Care,Never
Whitney Alenikov,walenikovb@guardian.co.uk,Male,Thailand,$1953027.11,Public Utilities,Monthly
Astrix Erb,aerbc@jugem.jp,Female,Philippines,$3048903.07,Finance,Monthly
Lizbeth Maile,lmailed@intel.com,Female,Sri Lanka,$8019146.79,Capital Goods,Monthly
Celina Dudny,cdudnye@mit.edu,Female,Madagascar,$3402090.85,Health Care,Yearly
Una Sandford,,Female,China,$2689359.07,Capital Goods,Once
Moss Crambie,mcrambieg@theatlantic.com,Male,China,$2620261.09,Finance,Seldom
Frances Lawranson,flawransonh@fotki.com,Female,Croatia,$8579761.11,Consumer Services,Yearly
Jaquenetta Bretton,jbrettoni@ifeng.com,Female,China,$7665954.34,n/a,Monthly
Mendy Heinish,mheinishj@unicef.org,Male,Finland,$2022380.41,Technology,Never
Neall Kropach,nkropachk@woothemes.com,Male,China,$7392196.30,Capital Goods,Weekly
Casey Croizier,ccroizierl@ehow.com,Male,Russia,$432947.45,n/a,Never
Fremont Halle,fhallem@e-recht24.de,Male,Brazil,$8679900.29,Public Utilities,Often
Carlie Wigmore,cwigmoren@sciencedaily.com,Male,Peru,$6436517.76,Consumer Services,Weekly
Deeann Bossons,dbossonso@bloglovin.com,Female,Macedonia,$3374408.87,Energy,Often
Agatha Livingston,alivingstonp@liveinternet.ru,Female,Russia,$4333945.22,Health Care,Once
Ozzie Whittlesea,owhittleseaq@lycos.com,Male,Portugal,$5777457.36,Technology,Seldom
Shena Lynds,slyndsr@cargocollective.com,Female,Serbia,$4705568.36,Consumer Services,Often
Jory Trail,jtrails@myspace.com,Male,Russia,$8089264.33,Consumer Services,Once
Moira Potier,mpotiert@mit.edu,Genderfluid,Madagascar,$3612748.49,Technology,Yearly
Curr Cockerill,ccockerillu@jiathis.com,Male,Brazil,$2432630.59,Miscellaneous,Daily
Joya Regardsoe,jregardsoev@indiegogo.com,Bigender,Bulgaria,$1633645.45,Transportation,Never
Farlee Peddie,fpeddiew@youtu.be,Male,Czech Republic,$4998036.79,Health Care,Weekly
Devon Poyser,dpoyserx@artisteer.com,Female,Kenya,$3108997.57,Capital Goods,Seldom
Kimberlyn Tertre,ktertrey@devhub.com,Female,Armenia,$385409.84,Consumer Non-Durables,Weekly
Adrian Faust,afaustz@ning.com,Genderqueer,United States,$2017578.82,Finance,Once
Boothe Shiell,bshiell10@tiny.cc,Male,Indonesia,$7088463.57,Health Care,Monthly
Papagena Menichini,,Female,Ukraine,$596404.67,Public Utilities,Daily
Dino Peltz,dpeltz12@spiegel.de,Male,Peru,$301812.59,Transportation,Weekly
Yulma Mitchelmore,ymitchelmore13@fc2.com,Male,China,$7160775.52,Health Care,Daily
Daryl Morcom,dmorcom14@canalblog.com,Male,China,$2279210.79,n/a,Daily
Brigid Flook,,Female,China,$7990319.14,Technology,Weekly
Ward Lorans,wlorans16@scribd.com,Male,Poland,$3154081.95,Finance,Monthly
Sonny Vigus,svigus17@sciencedirect.com,Male,Indonesia,$178101.82,n/a,Monthly
Christiane Clowes,cclowes18@boston.com,Female,Colombia,$9147140.34,Consumer Non-Durables,Weekly
Nappie Fruser,nfruser19@ucsd.edu,Male,Georgia,$2872414.18,n/a,Weekly
Amery Gopsill,agopsill1a@google.ru,Male,China,$2585897.30,Miscellaneous,Weekly
Randene Baggalley,rbaggalley1b@indiegogo.com,Female,China,$6552255.90,n/a,Monthly
Harmon Stratz,hstratz1c@ezinearticles.com,Male,China,$2658809.84,Consumer Services,Seldom
Florri Cosins,fcosins1d@economist.com,Female,Indonesia,$7457456.57,Finance,Daily
Julianne Finlason,jfinlason1e@tripadvisor.com,Female,China,$109938.99,Public Utilities,Yearly
Giusto Lehrer,glehrer1f@smugmug.com,Male,China,$555205.11,Transportation,Daily
Alvinia Pothecary,apothecary1g@chron.com,Female,Rwanda,$7727538.76,Energy,Often
Letta Diviny,ldiviny1h@fema.gov,Female,Portugal,$2971242.87,Consumer Services,Yearly
Quincey Jonuzi,qjonuzi1i@si.edu,Male,Thailand,$1789254.04,Health Care,Once
Bernarr Mars,bmars1j@reference.com,Genderqueer,China,$7337104.87,Finance,Daily
Elisabetta Kohler,ekohler1k@g.co,Female,Indonesia,$3133964.86,Consumer Services,Often
Miriam St. Clair,mst1l@merriam-webster.com,Female,China,$3537225.77,n/a,Daily
Logan Spoward,lspoward1m@free.fr,Male,Russia,$5496784.05,Miscellaneous,Daily
Karlie Dutnall,kdutnall1n@skype.com,Female,Russia,$2486266.87,Technology,Seldom
Costa Billion,cbillion1o@biglobe.ne.jp,Male,Russia,$1366317.58,n/a,Monthly
Haleigh Ellif,hellif1p@simplemachines.org,Male,Poland,$6637931.71,n/a,Weekly
Izabel Stemson,istemson1q@naver.com,Female,China,$6391883.85,Miscellaneous,Weekly
Adolph Hannabus,ahannabus1r@usatoday.com,Male,Switzerland,$204329.75,Basic Industries,Yearly
Flore Ringe,fringe1s@latimes.com,Female,United States,$8852581.45,Consumer Services,Daily
Garvey Limeburner,glimeburner1t@vinaora.com,Male,China,$5308064.71,Basic Industries,Often
Robbert Templman,rtemplman1u@biglobe.ne.jp,Male,Japan,$1766423.12,Basic Industries,Once
Truda Surgison,tsurgison1v@shop-pro.jp,Female,Indonesia,$9583791.11,Public Utilities,Never
Nathaniel Godsmark,ngodsmark1w@washingtonpost.com,Male,Indonesia,$903133.28,n/a,Once
Marilin Stairmond,mstairmond1x@newsvine.com,Genderfluid,Venezuela,$4604194.38,Health Care,Never
Shaun Hamilton,shamilton1y@arstechnica.com,Male,Indonesia,$8111435.55,Finance,Monthly
Yankee Blampey,yblampey1z@nationalgeographic.com,Male,China,$7102745.96,Energy,Once
Horatio Rennebeck,hrennebeck20@alibaba.com,Polygender,Norway,$3880847.63,n/a,Often
Chick Shellum,cshellum21@furl.net,Agender,Russia,$1688603.98,Finance,Monthly
Robyn Eastcourt,reastcourt22@discovery.com,Female,Philippines,$3064479.84,Finance,Weekly
Logan Leatherborrow,lleatherborrow23@yahoo.com,Male,China,$8135956.59,Energy,Yearly
Malanie Jennions,mjennions24@guardian.co.uk,Female,Czech Republic,$5168593.14,Consumer Services,Often
Elmer Hankinson,ehankinson25@opensource.org,Male,Colombia,$383554.99,n/a,Yearly
Babita Maidstone,bmaidstone26@digg.com,Female,Indonesia,$8958392.93,Health Care,Often
Renard Enderwick,,Male,Kosovo,$6617524.95,Basic Industries,Yearly
Steffane Rosewell,srosewell28@odnoklassniki.ru,Female,United States,$1980375.52,Technology,Weekly
Elna Hamber,ehamber29@posterous.com,Female,Burundi,$2289925.82,Health Care,Often
Haily Brabin,hbrabin2a@engadget.com,Female,Mauritania,$1457083.99,n/a,Seldom
Conny Crocetto,ccrocetto2b@loc.gov,Female,Philippines,$8956412.19,Consumer Services,Daily
Hillary Tapsfield,htapsfield2c@google.ru,Female,Philippines,$7877389.89,n/a,Often
Juan Armit,jarmit2d@ihg.com,Male,Myanmar,$6470008.16,Technology,Weekly
Geno Rodders,grodders2e@topsy.com,Male,Indonesia,$7551037.10,n/a,Once
Edita Wilfling,ewilfling2f@telegraph.co.uk,Female,Bolivia,$663048.05,Consumer Non-Durables,Weekly
Engracia Askie,easkie2g@google.co.uk,Female,Colombia,$1279278.00,Public Utilities,Often
Cherlyn Chinge,cchinge2h@bloglovin.com,Female,Russia,$7663793.95,n/a,Monthly
Josh Doughill,jdoughill2i@kickstarter.com,Male,Argentina,$1229243.38,Basic Industries,Seldom
Demeter Knowlton,dknowlton2j@sun.com,Female,Russia,$563529.81,Health Care,Yearly
Eberto Mullaney,emullaney2k@netscape.com,Male,Indonesia,$3381749.08,Consumer Services,Once
Yetty Clemmensen,yclemmensen2l@miibeian.gov.cn,Female,France,$4159215.63,Health Care,Yearly
Min McInally,mmcinally2m@usnews.com,Female,Canada,$2470245.98,n/a,Monthly
Derward Dibb,ddibb2n@woothemes.com,Male,China,$4380948.31,n/a,Weekly
Gayelord Brakewell,gbrakewell2o@surveymonkey.com,Male,Indonesia,$4943445.15,Finance,Once
Herschel Kline,hkline2p@yelp.com,Male,China,$61697.96,Consumer Services,Seldom
Bent Berrygun,bberrygun2q@upenn.edu,Male,China,$5113361.19,Technology,Never
Grover Layfield,glayfield2r@themeforest.net,Male,China,$2729437.93,n/a,Never
Kikelia Butterly,kbutterly2s@fastcompany.com,Female,Brazil,$7668992.71,n/a,Often
Maridel Strevens,mstrevens2t@infoseek.co.jp,Agender,Serbia,$2968123.12,Capital Goods,Once
Trever Spencelayh,tspencelayh2u@cnet.com,Male,Russia,$2679471.26,Health Care,Once
Lorilyn Eke,leke2v@w3.org,Female,Indonesia,$2792237.99,Consumer Services,Seldom
Oralee Schankel,oschankel2w@weather.com,Female,Portugal,$2484440.04,Consumer Durables,Seldom
Charles Krabbe,ckrabbe2x@cmu.edu,Male,Mongolia,$2592861.22,Health Care,Daily
Ignatius Lippingwell,ilippingwell2y@skyrock.com,Male,Poland,$9382183.73,n/a,Seldom
Elka Peploe,epeploe2z@wordpress.org,Female,China,$394265.57,Public Utilities,Once
Amble Focke,afocke30@va.gov,Male,Canada,$3578424.29,Public Utilities,Weekly
Cal Basilone,cbasilone31@networksolutions.com,Genderfluid,Bulgaria,$9380084.29,Consumer Non-Durables,Monthly
Emlyn Cockley,,Male,China,$3136394.90,n/a,Once
Ophelia Darke,odarke33@dropbox.com,Genderqueer,Kyrgyzstan,$6196309.25,Energy,Once
Roderic Wolstencroft,rwolstencroft34@ovh.net,Male,Poland,$8847738.65,Health Care,Weekly
Montgomery Leroy,mleroy35@nsw.gov.au,Male,Niger,$5035531.56,n/a,Yearly
Galvin Rooney,grooney36@blogspot.com,Male,Thailand,$8239495.60,Technology,Often
Karolina Lyburn,klyburn37@ask.com,Female,China,$1706307.62,Consumer Services,Often
Aline Hulance,ahulance38@psu.edu,Female,Indonesia,$1612522.78,n/a,Yearly
Abbi Spellissy,aspellissy39@live.com,Bigender,Colombia,$6904188.92,Capital Goods,Daily
Rosita Bentinck,rbentinck3a@yahoo.co.jp,Female,Venezuela,$8948667.05,Finance,Daily
Denny Roughley,droughley3b@indiegogo.com,Male,Indonesia,$1359512.40,Finance,Monthly
Nikola Kildale,nkildale3c@state.gov,Male,China,$4129536.33,n/a,Once
Cam Crombie,ccrombie3d@wufoo.com,Male,Ecuador,$6371024.54,Technology,Never
Kev Gueinn,kgueinn3e@jiathis.com,Male,Portugal,$5421060.69,Finance,Never
Lorita Simioli,lsimioli3f@freewebs.com,Agender,Puerto Rico,$3910262.56,Consumer Services,Once
Kristoforo Ghiron,kghiron3g@cbc.ca,Male,Indonesia,$8681776.23,Miscellaneous,Monthly
Phineas Matches,pmatches3h@altervista.org,Male,Indonesia,$1323249.56,Health Care,Monthly
Thayne Clemente,tclemente3i@berkeley.edu,Male,Chad,$379560.51,n/a,Often
Alissa Portman,aportman3j@cam.ac.uk,Female,Sweden,$5461525.47,Energy,Daily
Moss Tegeller,mtegeller3k@reverbnation.com,Male,Paraguay,$4587298.89,Health Care,Never
Kassie Wisham,kwisham3l@yahoo.com,Female,Finland,$6376163.43,Health Care,Daily
Nikolaos Santoro,nsantoro3m@ameblo.jp,Male,Russia,$6774447.50,Finance,Daily
Rozele Sapey,rsapey3n@fc2.com,Agender,Russia,$8077467.25,Finance,Daily
Elita Beverley,ebeverley3o@qq.com,Female,Indonesia,$4160212.94,n/a,Daily
Rawley Binden,rbinden3p@chronoengine.com,Male,China,$8174447.14,Consumer Services,Monthly
Nealson Manach,nmanach3q@behance.net,Male,Philippines,$5571038.07,n/a,Seldom
Shem Phittiplace,sphittiplace3r@walmart.com,Male,Russia,$2280507.90,Health Care,Often
Dixie Skones,dskones3s@cnbc.com,Female,Indonesia,$1647596.00,Finance,Never
Timmy Laurenz,tlaurenz3t@java.com,Male,China,$212871.54,Technology,Never
Lucien Newling,,Male,China,$2905032.58,Consumer Services,Daily
Elvin Dockreay,edockreay3v@auda.org.au,Male,United States,$5114850.12,Consumer Services,Once
Skippie Durand,sdurand3w@wp.com,Male,Indonesia,$844430.73,Health Care,Weekly
Andie Goldbourn,agoldbourn3x@samsung.com,Male,Russia,$7078007.52,Technology,Never
Heidi Mc Caughan,hmc3y@google.es,Female,Indonesia,$4603043.61,Technology,Never
Nikki Bedenham,nbedenham3z@wsj.com,Female,France,$1435262.86,n/a,Weekly
Kurtis Egleton,kegleton40@acquirethisname.com,Male,Macedonia,$5063520.05,Finance,Once
Laney Chettle,lchettle41@cdbaby.com,Male,United States,$4056264.71,n/a,Once
Den Mc Caughen,dmc42@cloudflare.com,Male,Afghanistan,$2037659.30,Capital Goods,Seldom
Billi Locarno,blocarno43@ed.gov,Female,Morocco,$6799408.83,Technology,Often
Ragnar Sommerscales,rsommerscales44@tripadvisor.com,Male,Philippines,$9206406.74,n/a,Yearly
Mandi Folbigg,mfolbigg45@ezinearticles.com,Female,Portugal,$1870755.17,Energy,Weekly
Shell Selley,sselley46@mapquest.com,Non-binary,Colombia,$4132292.25,Health Care,Monthly
Joellen Prayer,jprayer47@xrea.com,Female,China,$266626.53,Energy,Never
Terra Mangeon,tmangeon48@cisco.com,Female,China,$3767872.65,Health Care,Often
Moyra Hunton,mhunton49@chicagotribune.com,Female,Indonesia,$4296634.36,Health Care,Once
Manuel Buddleigh,mbuddleigh4a@usnews.com,Male,United States,$4718546.64,Health Care,Often
Maddy Redmile,mredmile4b@over-blog.com,Male,Portugal,$5630313.53,Consumer Services,Often
Bert Fayers,bfayers4c@un.org,Non-binary,Indonesia,$2433464.42,Basic Industries,Seldom
Hagen Birkinshaw,hbirkinshaw4d@engadget.com,Male,Colombia,$3519658.49,n/a,Weekly
Carolee Tolman,ctolman4e@pbs.org,Bigender,Canada,$1905327.94,Technology,Monthly
Korry Jeannard,kjeannard4f@hostgator.com,Female,China,$2042666.21,Consumer Services,Daily
Dru Coumbe,dcoumbe4g@amazon.co.jp,Male,Portugal,$6491691.34,n/a,Often
Melisenda Lomax,mlomax4h@slashdot.org,Female,Brazil,$8099244.62,Consumer Services,Never
Brody Heinsius,bheinsius4i@usda.gov,Male,Indonesia,$1384488.34,Technology,Daily
Dorey Eppson,deppson4j@angelfire.com,Polygender,Poland,$9948016.28,n/a,Once
Heddi Lindholm,hlindholm4k@virginia.edu,Non-binary,Portugal,$4000691.21,Consumer Services,Yearly
Rouvin Gother,rgother4l@discovery.com,Male,France,$8105313.69,Consumer Durables,Once
Alix Bendelow,abendelow4m@domainmarket.com,Male,Philippines,$8470545.44,n/a,Once
Danyelle Radenhurst,dradenhurst4n@cnn.com,Female,Croatia,$4230135.93,n/a,Never
Terencio Surgood,tsurgood4o@hatena.ne.jp,Male,Philippines,$5019900.83,n/a,Never
Benito Salandino,bsalandino4p@ovh.net,Male,France,$7166294.12,Finance,Never
Janos O'Kieran,jokieran4q@slate.com,Male,China,$4705315.62,Consumer Services,Often
Pete Kilfeder,pkilfeder4r@google.it,Male,Russia,$2815540.37,n/a,Seldom
Janek Webb-Bowen,jwebbbowen4s@google.com.hk,Male,Nigeria,$718419.35,Transportation,Often
Celie Smaleman,csmaleman4t@amazon.de,Female,Chile,$3942845.65,n/a,Weekly
Odessa Labb,olabb4u@twitpic.com,Female,Norway,$7388738.18,n/a,Weekly
Aaron Openshaw,aopenshaw4v@hatena.ne.jp,Male,Russia,$7962243.46,n/a,Monthly
Howey Nussen,hnussen4w@craigslist.org,Male,Brazil,$4096146.51,n/a,Never
Salomone Rickword,srickword4x@zdnet.com,Male,Greece,$3855430.21,Public Utilities,Weekly
Gunner Blamires,gblamires4y@shutterfly.com,Male,Indonesia,$2582824.74,n/a,Once
Cleavland Sheryn,csheryn4z@about.com,Male,Indonesia,$2791121.99,Capital Goods,Once
Bryan Scading,bscading50@buzzfeed.com,Male,Indonesia,$2546608.64,Capital Goods,Often
Allene Lambertini,alambertini51@mysql.com,Female,Syria,$3932301.18,Energy,Never
Lori St. John,lst52@over-blog.com,Female,Venezuela,$1474352.79,Consumer Durables,Often
Barbi McLae,bmclae53@dell.com,Female,Russia,$7919143.56,n/a,Yearly
Modestine Golt,mgolt54@diigo.com,Female,Portugal,$814299.99,Miscellaneous,Seldom
Doralyn Hurndall,dhurndall55@e-recht24.de,Female,France,$5807447.58,n/a,Monthly
Marcellus MacGregor,,Male,China,$7068816.46,n/a,Once
Irma Shute,ishute57@epa.gov,Bigender,Iran,$9239324.21,Health Care,Yearly
Laura Birbeck,lbirbeck58@shutterfly.com,Female,Indonesia,$7498078.60,Consumer Services,Never
Minette Virgin,mvirgin59@wordpress.org,Genderqueer,Japan,$3710274.36,Consumer Non-Durables,Often
Nolan Armitage,narmitage5a@tinypic.com,Male,Ukraine,$7752307.81,Public Utilities,Seldom
Vassily Quarles,vquarles5b@usda.gov,Male,Indonesia,$9673423.94,Capital Goods,Often
Ignatius Shird,ishird5c@elegantthemes.com,Male,China,$5375735.47,n/a,Weekly
Tanny Workes,tworkes5d@patch.com,Male,China,$3680256.47,Consumer Durables,Seldom
Hobie Adamsen,hadamsen5e@bing.com,Male,Iran,$3531924.20,Capital Goods,Often
Zara Rourke,zrourke5f@mayoclinic.com,Female,Dominican Republic,$2986378.74,Capital Goods,Weekly
Sean Loudyan,sloudyan5g@abc.net.au,Male,Russia,$4792143.08,n/a,Daily
Gwenore Seegar,gseegar5h@unblog.fr,Female,China,$2343445.68,Consumer Services,Often
Salvatore Livett,slivett5i@plala.or.jp,Male,Bolivia,$6940706.87,Finance,Daily
Melly Bonar,mbonar5j@webs.com,Female,Portugal,$2040792.70,Technology,Often
Gunther Rankcom,grankcom5k@csmonitor.com,Male,China,$4361877.78,n/a,Never
Romonda Dabner,rdabner5l@berkeley.edu,Genderqueer,China,$6149312.89,Transportation,Weekly
Yorgo Worland,yworland5m@multiply.com,Male,Poland,$8294893.31,Finance,Monthly
Gardiner Fewell,gfewell5n@thetimes.co.uk,Male,China,$654918.78,Energy,Seldom
Pavel Menhenitt,pmenhenitt5o@alibaba.com,Male,Sweden,$1101595.96,Consumer Services,Daily
Erskine Fawdrie,,Male,Ukraine,$8814711.98,Health Care,Never
Salomi Dracksford,sdracksford5q@huffingtonpost.com,Female,Philippines,$3469691.66,Basic Industries,Often
Ewan Ferrarone,eferrarone5r@cocolog-nifty.com,Male,Niger,$7286544.05,Finance,Daily
Tome Beazey,tbeazey5s@unicef.org,Genderqueer,Ireland,$107081.38,Basic Industries,Weekly
Sonnie Copplestone,scopplestone5t@list-manage.com,Male,Czech Republic,$6891390.44,Technology,Once
Blair Coye,bcoye5u@uol.com.br,Male,Indonesia,$7208091.16,Capital Goods,Once
Farley Grewer,fgrewer5v@artisteer.com,Male,Costa Rica,$5660104.94,Consumer Services,Once
Eberhard Parnby,eparnby5w@toplist.cz,Male,Sweden,$8310453.00,Finance,Weekly
Gunar Emlen,gemlen5x@jugem.jp,Male,China,$5690883.11,n/a,Weekly
Hermie Petel,hpetel5y@quantcast.com,Male,Canada,$3231766.37,Energy,Weekly
Bridget Halksworth,bhalksworth5z@salon.com,Genderqueer,Thailand,$4693027.88,Consumer Durables,Weekly
Bent Jowling,bjowling60@zimbio.com,Male,Indonesia,$7344370.92,Finance,Often
Myrtie Ameer-Beg,mameerbeg61@unblog.fr,Female,Thailand,$7357589.71,n/a,Seldom
Edee Mathelon,emathelon62@merriam-webster.com,Female,Palestinian Territory,$3230620.96,Consumer Services,Seldom
Marvin Pitkethly,mpitkethly63@ameblo.jp,Male,Philippines,$5025987.01,n/a,Often
Gregor Bennet,gbennet64@epa.gov,Male,Russia,$5589443.28,Health Care,Once
Westley Treleven,wtreleven65@unicef.org,Male,China,$9804147.66,Consumer Services,Yearly
Charita Jarmain,cjarmain66@virginia.edu,Bigender,China,$5035130.05,Consumer Durables,Daily
Kylie McFade,kmcfade67@cloudflare.com,Female,Belarus,$6529817.27,Finance,Seldom
Tate Simmig,tsimmig68@state.tx.us,Male,Ukraine,$5542889.44,Finance,Often
Cristen Churchin,cchurchin69@zimbio.com,Non-binary,China,$3635327.79,n/a,Monthly
Eadith Mattheis,emattheis6a@discovery.com,Female,Sweden,$827881.56,n/a,Monthly
Catherin Jenney,cjenney6b@de.vu,Female,China,$4403998.93,Finance,Once
Felicity Knappen,fknappen6c@sogou.com,Female,Azerbaijan,$7484735.93,Public Utilities,Seldom
Bianka Cyphus,bcyphus6d@bigcartel.com,Female,Poland,$3070527.84,Energy,Monthly
Harold Cardon,hcardon6e@furl.net,Male,Brazil,$3679011.82,Technology,Monthly
Nalani Verman,nverman6f@photobucket.com,Female,New Caledonia,$2097752.55,Public Utilities,Once
Erick Matteucci,ematteucci6g@t.co,Male,Greece,$4921998.83,Health Care,Weekly
Maybelle Vairow,mvairow6h@friendfeed.com,Female,Iran,$7703117.61,Finance,Seldom
Cari Heinke,cheinke6i@yelp.com,Female,Sri Lanka,$6142398.62,Consumer Non-Durables,Weekly
Gustavus Stark,gstark6j@si.edu,Male,Russia,$4728228.14,Technology,Often
Courtnay Budnk,,Female,China,$2878421.88,Basic Industries,Weekly
Brynn Grimwade,bgrimwade6l@cargocollective.com,Female,Pakistan,$8370256.94,Finance,Seldom
Rudolph Fearnside,rfearnside6m@washingtonpost.com,Male,United States,$3737244.55,n/a,Seldom
Marcellina Causier,mcausier6n@newyorker.com,Female,Brazil,$2742050.99,Health Care,Monthly
Sukey Handscomb,shandscomb6o@sphinn.com,Female,Mexico,$7214141.36,Consumer Services,Never
Helene Cadalleder,hcadalleder6p@tripod.com,Female,Czech Republic,$4980228.45,Consumer Services,Yearly
Cyndia Lansley,clansley6q@over-blog.com,Female,Japan,$4343198.41,Capital Goods,Often
Nial Aucoate,naucoate6r@webeden.co.uk,Male,Indonesia,$8260725.07,n/a,Daily
Ryun Ronchetti,rronchetti6s@statcounter.com,Male,Poland,$9151579.64,Consumer Services,Monthly
Brandice Beldom,bbeldom6t@sphinn.com,Female,Russia,$5480776.75,Technology,Yearly
Yorgos Quant,yquant6u@slate.com,Male,Portugal,$4743449.46,Technology,Seldom
Brooke Fewell,bfewell6v@macromedia.com,Female,Indonesia,$7464835.88,Capital Goods,Weekly
Marcelia Jervoise,mjervoise6w@wunderground.com,Female,Indonesia,$6305271.28,Capital Goods,Monthly
Kelly Dickson,kdickson6x@va.gov,Male,Nigeria,$654445.71,Technology,Often
Fredericka Jeeks,fjeeks6y@comcast.net,Female,Brazil,$3484020.44,Finance,Never
Madlen Tavernor,mtavernor6z@youku.com,Female,Ukraine,$9100343.57,Consumer Services,Once
Mord Beck,mbeck70@princeton.edu,Male,Bolivia,$9658742.96,n/a,Often
Mordecai Volette,mvolette71@newyorker.com,Male,Japan,$8974495.05,Technology,Weekly
Baxter Chippendale,bchippendale72@vkontakte.ru,Male,Nigeria,$4748533.71,Finance,Monthly
Jelene Howgill,jhowgill73@cornell.edu,Female,Canada,$4870319.00,Basic Industries,Monthly
Xylia Standon,,Female,Indonesia,$5062996.27,Miscellaneous,Monthly
Mayne Swane,mswane75@ted.com,Polygender,Poland,$8654518.99,Finance,Never
Standford Nieass,snieass76@wisc.edu,Male,China,$2291294.00,Public Utilities,Never
Jacinda Pragnall,jpragnall77@time.com,Female,Peru,$1308464.07,Energy,Yearly
Kirstyn Harsant,kharsant78@ifeng.com,Female,Albania,$6648281.88,n/a,Often
Clari McCormick,cmccormick79@drupal.org,Bigender,Argentina,$9288740.51,Health Care,Once
Bronson Coom,bcoom7a@reverbnation.com,Genderfluid,Philippines,$5301657.70,Consumer Services,Seldom
Fitzgerald Pally,fpally7b@de.vu,Male,Botswana,$9638648.61,Health Care,Weekly
Ugo Gilogly,ugilogly7c@jigsy.com,Male,Nigeria,$1016363.70,Consumer Services,Often
Astrix Mahedy,amahedy7d@hostgator.com,Female,China,$5431888.43,n/a,Weekly
Penny Massy,pmassy7e@jiathis.com,Female,Colombia,$376285.20,Finance,Monthly
Belva Barends,bbarends7f@imgur.com,Female,Indonesia,$8358481.32,Transportation,Often
Hewitt Moyle,hmoyle7g@purevolume.com,Male,Indonesia,$5129741.71,Technology,Often
Gerald Davydzenko,gdavydzenko7h@census.gov,Male,Yemen,$5927365.99,Health Care,Once
Delcina Goldstraw,dgoldstraw7i@latimes.com,Female,China,$7218914.85,Basic Industries,Monthly
Hart Remmer,hremmer7j@examiner.com,Male,Indonesia,$8034335.62,Transportation,Yearly
Franky Stanman,fstanman7k@microsoft.com,Female,Jordan,$2803757.93,n/a,Monthly
Naomi Heavens,nheavens7l@soup.io,Female,France,$1363566.72,Consumer Non-Durables,Yearly
Tim Goodhew,tgoodhew7m@mtv.com,Female,Poland,$1173483.16,Health Care,Daily
Pepillo Mildmott,pmildmott7n@icq.com,Male,Moldova,$198696.90,Health Care,Never
Lion Conkey,lconkey7o@icio.us,Male,Japan,$8809272.39,Consumer Non-Durables,Daily
Rutledge Poynzer,rpoynzer7p@mail.ru,Male,France,$6849418.92,Public Utilities,Once
Weider Fedorchenko,wfedorchenko7q@moonfruit.com,Male,Indonesia,$9813817.52,Finance,Monthly
Fraze Seabourne,fseabourne7r@illinois.edu,Male,Poland,$5848754.67,Consumer Durables,Seldom
Alanson Stoute,astoute7s@domainmarket.com,Male,United States,$5075054.85,Health Care,Often
Gerty Warham,gwarham7t@tumblr.com,Female,Indonesia,$8538814.97,Health Care,Often
Catherin Dunrige,cdunrige7u@google.es,Polygender,Philippines,$1812366.46,Capital Goods,Often
Nertie Arch,narch7v@etsy.com,Female,Brazil,$4301703.43,Health Care,Never
Elianore Kryszkiecicz,ekryszkiecicz7w@imgur.com,Female,Portugal,$3064537.18,Finance,Seldom
Pippo Askey,paskey7x@nbcnews.com,Male,Ukraine,$9041456.49,Public Utilities,Seldom
Karylin Cammiemile,kcammiemile7y@amazonaws.com,Female,China,$7688355.85,Health Care,Never
Judy Pawelek,jpawelek7z@harvard.edu,Female,France,$9649398.55,Consumer Services,Daily
Jeanelle Cuckson,jcuckson80@1688.com,Female,Bulgaria,$693180.51,Capital Goods,Once
Tyrus Juppe,tjuppe81@hp.com,Male,Brazil,$5525798.84,Finance,Often
Ferd Roskam,froskam82@ucsd.edu,Male,Burkina Faso,$8641142.06,Capital Goods,Daily
Di Vasiljevic,dvasiljevic83@amazonaws.com,Female,Indonesia,$1572783.05,Technology,Once
Ingaberg Gulleford,igulleford84@plala.or.jp,Genderfluid,China,$6639960.47,Finance,Monthly
Phyllis Tidball,ptidball85@imgur.com,Female,Portugal,$6637507.55,Basic Industries,Seldom
Dix Cokayne,dcokayne86@netlog.com,Agender,China,$3233589.42,n/a,Seldom
Mame Redmille,mredmille87@booking.com,Female,Canada,$350870.34,Finance,Weekly
Andra Wardale,awardale88@ftc.gov,Female,Macedonia,$4621625.49,Finance,Daily
Elisha Hof,ehof89@themeforest.net,Female,China,$9739891.71,Health Care,Never
Barbi Canland,bcanland8a@netvibes.com,Female,Greece,$3448574.20,Health Care,Daily
Dacy Nitto,dnitto8b@elpais.com,Female,China,$8537728.33,Health Care,Never
Powell Windrum,pwindrum8c@nytimes.com,Genderqueer,Indonesia,$2110258.03,Health Care,Monthly
Eben Coverdale,ecoverdale8d@squidoo.com,Male,China,$3296358.30,Consumer Services,Weekly
Anthiathia holmes,aholmes8e@nymag.com,Female,Serbia,$1084200.50,Finance,Seldom
Irving Hubeaux,ihubeaux8f@barnesandnoble.com,Male,Philippines,$9589810.92,n/a,Yearly
Suzy Dominick,sdominick8g@webmd.com,Female,Peru,$8816638.88,n/a,Yearly
Chiquita Renneke,crenneke8h@examiner.com,Female,Philippines,$5921967.61,Health Care,Often
Cathrine Perring,cperring8i@prnewswire.com,Female,China,$7907374.36,n/a,Monthly
Kettie Baudino,kbaudino8j@a8.net,Female,Belarus,$4390275.82,Finance,Once
Arturo Screase,ascrease8k@squidoo.com,Male,Angola,$417006.09,Finance,Daily
Selby Jerams,sjerams8l@about.com,Male,China,$2871727.34,Consumer Services,Often
Karim Riepel,kriepel8m@theatlantic.com,Male,Mongolia,$3603448.74,Health Care,Seldom
Adiana Klimas,aklimas8n@webeden.co.uk,Female,Vietnam,$9680084.26,n/a,Monthly
Lark Jacob,ljacob8o@paginegialle.it,Female,Indonesia,$2138644.87,n/a,Once
Pris Beverage,pbeverage8p@phoca.cz,Non-binary,Vietnam,$7106632.56,Health Care,Weekly
Diannne Saby,dsaby8q@fema.gov,Female,Indonesia,$7434499.59,Consumer Services,Weekly
Jere Neary,jneary8r@godaddy.com,Genderfluid,Finland,$6109220.58,Consumer Durables,Seldom
Reece Douche,rdouche8s@prnewswire.com,Male,Nigeria,$441683.59,n/a,Yearly
Callean Kennefick,ckennefick8t@list-manage.com,Male,Honduras,$1904926.60,Energy,Often
Friederike Querree,fquerree8u@ow.ly,Female,Indonesia,$3095967.34,Health Care,Weekly
Smith Mewe,smewe8v@virginia.edu,Male,Russia,$6950840.26,Finance,Never
Francoise Erangey,ferangey8w@yahoo.co.jp,Female,Belgium,$7356845.24,n/a,Seldom
Brana Shields,bshields8x@cmu.edu,Female,Armenia,$8118258.34,n/a,Once
Monroe Challoner,mchalloner8y@intel.com,Male,Philippines,$8958369.65,Technology,Daily
Suzann Gonsalvo,sgonsalvo8z@cmu.edu,Female,Czech Republic,$632587.52,Finance,Once
Kelsi Hugnot,khugnot90@seattletimes.com,Female,Philippines,$2601054.39,Consumer Services,Often
Linc Fair,lfair91@arstechnica.com,Male,Vietnam,$5786647.00,Consumer Non-Durables,Yearly
Alina Dackombe,adackombe92@ovh.net,Female,China,$5112130.31,n/a,Often
Devora Greaser,dgreaser93@google.it,Female,Indonesia,$3090312.70,Finance,Monthly
Rahel Enticknap,renticknap94@usatoday.com,Female,China,$4544582.16,Basic Industries,Daily
Donnamarie Akker,dakker95@nationalgeographic.com,Female,Iran,$3472620.29,Consumer Services,Yearly
Albrecht Kobu,akobu96@chicagotribune.com,Male,France,$7065740.99,n/a,Weekly
Codi Baudichon,cbaudichon97@cornell.edu,Male,China,$7872422.30,Consumer Services,Daily
Francklyn Eardley,feardley98@bluehost.com,Bigender,China,$7111376.07,Finance,Monthly
Marcela Mytton,mmytton99@free.fr,Female,Ukraine,$2259605.27,Health Care,Monthly
Gus Reggler,greggler9a@theatlantic.com,Female,Georgia,$7945093.35,n/a,Monthly
Johnathon Sirl,jsirl9b@about.com,Male,Indonesia,$2860678.41,Basic Industries,Daily
Beverlee Hardwicke,bhardwicke9c@kickstarter.com,Female,China,$9920740.19,Consumer Services,Never
Wayne Sikorski,wsikorski9d@sitemeter.com,Male,Indonesia,$4004679.36,Consumer Services,Daily
Oran Drew-Clifton,odrewclifton9e@whitehouse.gov,Male,Peru,$9718966.22,Technology,Often
Kerby Critten,kcritten9f@angelfire.com,Male,Sweden,$9417187.01,n/a,Seldom
Mohandis Maytum,mmaytum9g@1688.com,Male,Belarus,$4231223.94,Public Utilities,Once
Nannette Kerins,nkerins9h@de.vu,Female,Russia,$9747232.11,Finance,Weekly
Thebault Makey,tmakey9i@macromedia.com,Male,China,$8172002.59,Energy,Seldom
Pacorro Blunkett,pblunkett9j@dailymail.co.uk,Male,Indonesia,$3791975.57,Technology,Never
Denna Hughes,dhughes9k@netlog.com,Female,China,$7795244.09,Technology,Never
Cherida Shears,cshears9l@harvard.edu,Female,China,$7121530.69,n/a,Monthly
Deanne Eadmeades,deadmeades9m@amazon.com,Female,Sri Lanka,$5008394.75,Energy,Daily
Annabel Siege,asiege9n@craigslist.org,Female,Philippines,$6032910.49,Health Care,Once
Sharleen Romme,sromme9o@surveymonkey.com,Female,Indonesia,$3635967.73,Finance,Once
Marshall Faiers,mfaiers9p@prnewswire.com,Male,Peru,$841648.07,Miscellaneous,Yearly
Patricia Dimitrov,pdimitrov9q@ebay.com,Female,Cameroon,$6210318.53,Consumer Services,Once
Kellen Cranham,kcranham9r@patch.com,Female,Mexico,$2903967.05,Capital Goods,Monthly
Bryn Hurt,bhurt9s@eventbrite.com,Male,China,$4267689.58,Consumer Durables,Often
Paddy Snodin,psnodin9t@npr.org,Male,Indonesia,$1358018.99,Energy,Never
Tommy Landall,tlandall9u@php.net,Bigender,Serbia,$2609658.62,n/a,Never
Hugh Gamil,hgamil9v@cargocollective.com,Male,Indonesia,$8816349.30,Basic Industries,Daily
Myrwyn Liddall,mliddall9w@usgs.gov,Male,Indonesia,$9598536.43,Capital Goods,Daily
Manda Tolliday,mtolliday9x@cbsnews.com,Female,Indonesia,$2131114.47,Basic Industries,Daily
Audrie Shortan,ashortan9y@engadget.com,Female,Canada,$7316304.86,n/a,Never
Sunny Snoxell,ssnoxell9z@about.com,Male,Czech Republic,$7345247.80,n/a,Seldom
Theodora Daniellot,tdaniellota0@discovery.com,Female,China,$8660136.78,Technology,Once
Giustina Sample,gsamplea1@zdnet.com,Female,Mexico,$2692644.44,Transportation,Yearly
Gideon Von Der Empten,gvona2@cbslocal.com,Agender,China,$819306.75,Public Utilities,Seldom
Carr Millmore,cmillmorea3@reference.com,Male,Indonesia,$6385767.13,Finance,Weekly
Valenka Hartford,vhartforda4@goo.ne.jp,Bigender,Netherlands,$4697079.63,Finance,Once
Chelsy Fall,cfalla5@qq.com,Female,Pakistan,$451376.11,Finance,Never
Mitchel Swin,mswina6@google.it,Male,Hungary,$1742315.85,Technology,Yearly
Winfield Spritt,wspritta7@newyorker.com,Male,Sweden,$9861373.57,Consumer Services,Daily
Thacher Stych,tstycha8@360.cn,Male,China,$5512821.21,Finance,Seldom
Colin Whittuck,cwhittucka9@infoseek.co.jp,Male,France,$4847595.93,n/a,Daily
Ilysa Paeckmeyer,ipaeckmeyeraa@fc2.com,Female,Indonesia,$5918051.72,Capital Goods,Monthly
Amelie Delap,adelapab@myspace.com,Genderfluid,Philippines,$6636503.45,Public Utilities,Monthly
Titos Ville,tvilleac@washingtonpost.com,Male,China,$1852712.09,Finance,Monthly
Wendy Kemwall,wkemwallad@quantcast.com,Female,Philippines,$5744558.95,Technology,Weekly
Brigham Clendinning,bclendinningae@hugedomains.com,Male,China,$4603096.30,Consumer Durables,Once
Foster Dace,fdaceaf@booking.com,Agender,France,$5341445.19,n/a,Daily
Angelo Yeskin,ayeskinag@mediafire.com,Male,Poland,$7477872.19,Energy,Seldom
Nerty Sinney,nsinneyah@feedburner.com,Female,Georgia,$1609280.92,Technology,Never
Tudor Prando,tprandoai@lycos.com,Male,Sweden,$4268238.31,Basic Industries,Yearly
Madelle Shellshear,mshellshearaj@jiathis.com,Female,China,$8973012.84,Finance,Yearly
Konstantin O'Bradane,kobradaneak@berkeley.edu,Male,Russia,$790766.93,Health Care,Yearly
Noelle Morfett,nmorfettal@oakley.com,Female,Bolivia,$9474821.24,n/a,Monthly
Dane Proschke,dproschkeam@huffingtonpost.com,Male,Philippines,$5054966.56,n/a,Never
Frazer Wheaton,fwheatonan@aol.com,Male,Indonesia,$5326479.42,Finance,Seldom
Filberte Bradman,fbradmanao@dailymotion.com,Male,Russia,$2064577.86,n/a,Weekly
Nobe Worsnap,nworsnapap@skype.com,Male,China,$8962575.10,Basic Industries,Daily
Shay Crasswell,scrasswellaq@pbs.org,Agender,Indonesia,$8541745.65,Consumer Durables,Seldom
Myer Manilo,mmaniloar@gov.uk,Bigender,Indonesia,$1325471.39,Capital Goods,Once
Charley Neate,cneateas@barnesandnoble.com,Male,Malaysia,$8773877.50,Energy,Daily
Marie-jeanne Casari,mcasariat@wisc.edu,Female,Slovenia,$1755616.99,Miscellaneous,Monthly
Stinky Ogden,sogdenau@sbwire.com,Male,Russia,$5521589.43,Public Utilities,Seldom
Amble Salkeld,asalkeldav@skyrock.com,Bigender,China,$8438446.52,Finance,Daily
Joyce Wolfit,jwolfitaw@photobucket.com,Female,North Korea,$7326387.54,Finance,Daily
Arluene Godspede,agodspedeax@nsw.gov.au,Female,United States,$9409313.61,n/a,Monthly
Sutherland Hendren,shendrenay@mapy.cz,Male,China,$4439761.86,n/a,Daily
Lissie Hearsum,lhearsumaz@gnu.org,Female,Iran,$6502372.14,Consumer Services,Yearly
Erica Akhurst,eakhurstb0@rediff.com,Female,China,$6353355.63,Consumer Non-Durables,Often
Gerri Dominec,gdominecb1@intel.com,Polygender,United States,$9807398.97,Consumer Services,Never
Aeriel Dormand,adormandb2@parallels.com,Female,Georgia,$8510846.57,Technology,Daily
Ragnar Sarfati,rsarfatib3@reference.com,Male,Serbia,$1491102.85,Finance,Daily
Marwin Darwood,mdarwoodb4@creativecommons.org,Male,Canada,$9444768.10,Energy,Seldom
Fernande Heardman,fheardmanb5@earthlink.net,Female,Latvia,$2000040.95,Basic Industries,Monthly
Imogene Skey,iskeyb6@phpbb.com,Female,Ethiopia,$2462097.64,Consumer Services,Never
Portie MacAdam,pmacadamb7@wp.com,Male,Egypt,$2508270.71,n/a,Often
Nertie Pidgeley,npidgeleyb8@ebay.co.uk,Female,Bangladesh,$6292178.70,Basic Industries,Daily
Rodd De Lascy,rdeb9@ted.com,Male,China,$7293822.71,Finance,Often
Leonerd Castenda,lcastendaba@networkadvertising.org,Male,Colombia,$3030574.25,n/a,Once
Yorker Iacovelli,,Male,Russia,$3171839.89,Health Care,Yearly
Alphard Strangwood,astrangwoodbc@engadget.com,Bigender,Indonesia,$8005793.82,n/a,Seldom
Lindon Whorlow,lwhorlowbd@nyu.edu,Male,Peru,$5115246.43,n/a,Never
Phip Fihelly,pfihellybe@arstechnica.com,Male,China,$4603949.35,Capital Goods,Weekly
Pauline Greasty,pgreastybf@boston.com,Female,South Korea,$8562588.10,Finance,Often
Alexandra Sabbins,asabbinsbg@ocn.ne.jp,Female,Cuba,$5825718.70,Technology,Monthly
Brnaba Ramelot,bramelotbh@mozilla.com,Polygender,Niger,$674933.22,Health Care,Daily
Kenny Eykelbosch,keykelboschbi@stumbleupon.com,Male,Colombia,$7836292.04,n/a,Monthly
Joly Zeal,jzealbj@nhs.uk,Female,Vietnam,$4523710.97,Consumer Services,Once
Carine Clissold,cclissoldbk@mediafire.com,Female,China,$6978996.92,n/a,Daily
Robin Taffley,rtaffleybl@hc360.com,Female,Russia,$8162215.80,Public Utilities,Yearly
Warren Lamacraft,wlamacraftbm@hexun.com,Male,Portugal,$4299519.35,Health Care,Daily
Gerhardine Warrier,gwarrierbn@ted.com,Female,Brazil,$5896323.91,Public Utilities,Yearly
Sargent Dunstone,sdunstonebo@nhs.uk,Male,China,$9293429.85,n/a,Once
Georgetta Beneyto,gbeneytobp@chronoengine.com,Female,Croatia,$4739544.82,Basic Industries,Monthly
Fallon Kusick,fkusickbq@aol.com,Female,Ukraine,$9213628.78,n/a,Never
Alyssa Cavalier,acavalierbr@admin.ch,Female,China,$1705703.54,Consumer Non-Durables,Once
Nessie Crowdy,ncrowdybs@ustream.tv,Female,Mexico,$2550306.30,Health Care,Weekly
Rosanna Ticehurst,rticehurstbt@simplemachines.org,Non-binary,Russia,$1225607.77,Health Care,Never
Reginald Neill,rneillbu@reuters.com,Male,Argentina,$4471345.13,Public Utilities,Daily
Ker Bryning,kbryningbv@naver.com,Male,United States,$5226062.90,Energy,Weekly
Tully Gravell,tgravellbw@businessweek.com,Male,Indonesia,$2674430.64,Consumer Services,Once
Cherida Athersmith,cathersmithbx@cbsnews.com,Female,Russia,$8873779.84,Basic Industries,Seldom
Charis Gipp,cgippby@japanpost.jp,Female,China,$2784130.86,Technology,Once
Lilith Eaglestone,leaglestonebz@ebay.co.uk,Female,Indonesia,$375240.45,n/a,Monthly
Alex Hugnin,ahugninc0@list-manage.com,Female,Mexico,$454284.05,Capital Goods,Monthly
Rosemarie Exeter,rexeterc1@list-manage.com,Female,China,$2268781.63,Consumer Services,Seldom
Rebeka Collum,rcollumc2@who.int,Female,Ethiopia,$1175947.75,Public Utilities,Weekly
Morse Assiratti,massirattic3@uiuc.edu,Male,Portugal,$8399250.41,Energy,Once
Gloriana Bywater,gbywaterc4@abc.net.au,Female,Netherlands,$6459604.20,Technology,Once
Brander Hargate,bhargatec5@comsenz.com,Male,Myanmar,$4777274.35,Public Utilities,Yearly
Marquita Yushankin,myushankinc6@bigcartel.com,Female,Uruguay,$1548803.54,Finance,Often
Jimmie Bassingden,jbassingdenc7@blinklist.com,Male,Portugal,$2991371.97,n/a,Never
Vivienne Storrar,vstorrarc8@ovh.net,Female,Belarus,$8204059.82,Capital Goods,Seldom
Marice Leivers,,Female,China,$5042231.59,Consumer Services,Once
Gasper Gerauld,ggerauldca@bloglovin.com,Male,China,$161487.79,n/a,Often
Riannon Chaudhry,rchaudhrycb@naver.com,Female,Myanmar,$2098045.47,Health Care,Daily
Adora Klossek,aklossekcc@bluehost.com,Female,China,$3731121.68,Transportation,Yearly
Anastasia Killingsworth,akillingsworthcd@example.com,Female,Philippines,$5564165.32,Capital Goods,Daily
Carly Mulrean,cmulreance@php.net,Female,Peru,$8421929.90,Public Utilities,Yearly
Breanne Kebbell,bkebbellcf@tamu.edu,Female,France,$7715191.86,Public Utilities,Daily
Nathaniel Rillatt,nrillattcg@seattletimes.com,Male,China,$6754061.40,Health Care,Weekly
Rodger De la Harpe,,Male,China,$2646551.23,Health Care,Once
Kathlin Lacaze,klacazeci@accuweather.com,Female,Latvia,$8600946.84,Consumer Services,Once
Tessy Dunbabin,tdunbabincj@ameblo.jp,Female,Sweden,$3829628.66,Health Care,Once
Vasilis Ashborn,vashbornck@nature.com,Male,China,$9565306.31,n/a,Monthly
Barbara-anne Gummary,bgummarycl@si.edu,Female,Indonesia,$7353286.73,Finance,Daily
Roley Marchand,rmarchandcm@google.fr,Male,Indonesia,$7715010.61,Consumer Non-Durables,Daily
Brnaba Shrimplin,bshrimplincn@ftc.gov,Male,Bermuda,$7875031.52,Consumer Services,Seldom
Morgana Crepin,mcrepinco@scribd.com,Female,Curacao,$7747217.18,Health Care,Weekly
Jean Quinnette,jquinnettecp@t-online.de,Female,Thailand,$231697.80,Technology,Often
Lottie Iddons,liddonscq@house.gov,Polygender,Russia,$7155056.79,Consumer Non-Durables,Seldom
Berthe Edworthye,bedworthyecr@wunderground.com,Female,France,$7850479.64,n/a,Once
Jaquenetta Wagon,jwagoncs@mapquest.com,Genderqueer,Poland,$591698.88,Consumer Durables,Seldom
Bambie Karolyi,bkarolyict@1688.com,Female,South Africa,$7549299.16,Consumer Services,Never
Maryl Jockle,mjocklecu@ca.gov,Genderfluid,Chile,$170923.33,Consumer Services,Monthly
Holli Vaskin,hvaskincv@naver.com,Female,Portugal,$3264447.07,n/a,Often
Hettie Valentin,hvalentincw@chronoengine.com,Polygender,Yemen,$9875563.31,Health Care,Often
Allistir Squibe,asquibecx@nymag.com,Male,Indonesia,$8088122.38,Finance,Weekly
Othilie Betteriss,obetterisscy@va.gov,Female,Myanmar,$6444199.16,Health Care,Once
Bay Redfield,bredfieldcz@goo.ne.jp,Male,Brazil,$9905004.94,Technology,Weekly
Bank Dyka,bdykad0@tripadvisor.com,Male,Russia,$9806345.12,Consumer Services,Never
Nanete Corneck,ncorneckd1@arizona.edu,Female,Indonesia,$6400652.96,Public Utilities,Yearly
Lenna Pincott,lpincottd2@wiley.com,Female,Brazil,$5895693.81,Consumer Services,Once
Evelyn Vagg,evaggd3@tuttocitta.it,Agender,China,$7254485.11,Capital Goods,Seldom
Svend Levensky,slevenskyd4@google.pl,Male,Finland,$6672337.43,Consumer Durables,Once
Welsh Croley,wcroleyd5@chicagotribune.com,Male,Russia,$370866.76,Health Care,Never
Iormina Lester,ilesterd6@cocolog-nifty.com,Female,Brazil,$1482438.21,Finance,Once
Aland Connue,aconnued7@statcounter.com,Male,Ukraine,$6243327.64,Capital Goods,Monthly
Tomasine Ching,tchingd8@wikispaces.com,Female,United States,$8436305.80,Finance,Monthly
Jules MacGray,jmacgrayd9@forbes.com,Male,Sweden,$8690985.48,Consumer Non-Durables,Yearly
Trisha McCaig,tmccaigda@shop-pro.jp,Non-binary,Indonesia,$240497.21,Consumer Services,Daily
Happy Moreland,hmorelanddb@epa.gov,Female,France,$2102736.11,Health Care,Daily
Lanita Medford,lmedforddc@constantcontact.com,Genderqueer,Poland,$3888191.15,Health Care,Once
Hershel Struther,hstrutherdd@paypal.com,Male,Russia,$5221956.38,n/a,Monthly
Onfre Garfirth,ogarfirthde@time.com,Male,Vietnam,$1396427.16,Consumer Non-Durables,Yearly
Eden Farryann,efarryanndf@bing.com,Female,Iraq,$3701130.66,Capital Goods,Daily
Lane Witson,lwitsondg@uol.com.br,Male,Afghanistan,$1884819.08,n/a,Often
Tabb Ephson,tephsondh@hubpages.com,Male,Philippines,$4421615.67,Finance,Seldom
Griswold Bexley,gbexleydi@mapy.cz,Male,Russia,$8158871.53,Basic Industries,Seldom
Hercule Lownes,hlownesdj@google.co.jp,Genderqueer,Kazakhstan,$5456200.19,n/a,Seldom
Patrizius Phripp,pphrippdk@go.com,Male,Czech Republic,$4346304.04,Health Care,Monthly
Cad Stannislawski,cstannislawskidl@eventbrite.com,Male,Russia,$8191640.80,Consumer Non-Durables,Seldom
Mariana McMychem,mmcmychemdm@elegantthemes.com,Female,Portugal,$7621133.07,Capital Goods,Never
Addia Coveney,acoveneydn@ocn.ne.jp,Female,United Kingdom,$1742146.38,Consumer Services,Never
Masha Lening,mleningdo@prweb.com,Female,Philippines,$4819122.93,Health Care,Never
Mickie Dowsey,mdowseydp@hp.com,Bigender,Lithuania,$2498903.73,n/a,Daily
Emelina Moulden,emouldendq@omniture.com,Female,Kazakhstan,$5059555.83,Health Care,Weekly
Brocky Michele,bmicheledr@statcounter.com,Male,Russia,$8993368.04,Health Care,Weekly
Rosco Brickstock,rbrickstockds@people.com.cn,Male,Afghanistan,$2989603.23,Consumer Services,Weekly
Harald Saich,hsaichdt@networksolutions.com,Male,China,$3259287.62,n/a,Once
Elayne Miere,emieredu@usnews.com,Female,China,$8103713.33,Technology,Weekly
Henderson Haggish,hhaggishdv@utexas.edu,Male,Sweden,$9309389.00,Consumer Services,Once
Cecelia Palphreyman,cpalphreymandw@stumbleupon.com,Female,Honduras,$4230380.53,n/a,Weekly
Antonius Henricsson,ahenricssondx@tmall.com,Male,China,$8677014.79,Technology,Often
Maressa Raulston,mraulstondy@live.com,Female,Tanzania,$505300.82,Consumer Services,Monthly
Lane Van der Velde,lvandz@statcounter.com,Female,China,$4580415.49,n/a,Never
Blair Timmons,btimmonse0@ifeng.com,Bigender,Indonesia,$3558725.22,n/a,Seldom
Sofia Acock,,Female,Canada,$5825016.46,Miscellaneous,Yearly
Kelsi Quigg,kquigge2@quantcast.com,Female,Russia,$3039220.06,Public Utilities,Weekly
John Butchers,,Male,China,$7041130.02,Health Care,Weekly
Dael Huguet,dhuguete4@reuters.com,Male,Indonesia,$1678289.58,n/a,Daily
Filippa Byforth,fbyforthe5@irs.gov,Female,Poland,$7012070.45,Health Care,Weekly
Vale Thow,,Female,Mexico,$8474959.73,n/a,Monthly
Brittaney Braffington,bbraffingtone7@dagondesign.com,Female,Russia,$4174125.33,Basic Industries,Daily
Nadine Horbath,nhorbathe8@epa.gov,Female,Indonesia,$1669556.36,Health Care,Seldom
Enrique Kornes,ekornese9@dropbox.com,Male,Guatemala,$9238661.06,Health Care,Never
Tabby Cordon,tcordonea@unc.edu,Male,United States,$7837256.18,Health Care,Yearly
Eleen Peres,epereseb@biblegateway.com,Female,Pakistan,$1956050.79,Finance,Monthly
Reggie Piotrowski,rpiotrowskiec@cargocollective.com,Female,China,$9232871.23,Health Care,Never
Gayle Faucett,gfaucetted@wordpress.org,Female,China,$1953344.64,Consumer Services,Seldom
Carine Eger,cegeree@ebay.com,Female,Philippines,$3548566.99,Health Care,Once
Harbert Couttes,hcouttesef@ebay.co.uk,Male,Belarus,$5320954.65,n/a,Once
Gwenneth MacFarland,gmacfarlandeg@typepad.com,Genderfluid,China,$1105944.12,Capital Goods,Once
Vikki Courtes,vcourteseh@shop-pro.jp,Female,Philippines,$8590240.15,Public Utilities,Monthly
Beaufort Riccio,briccioei@bing.com,Male,Indonesia,$7809426.34,Technology,Monthly
Silvana Sarsons,ssarsonsej@hatena.ne.jp,Female,Russia,$3789943.17,Consumer Services,Seldom
Vere Waplinton,vwaplintonek@sciencedaily.com,Female,China,$3708897.33,Capital Goods,Daily
Edwina Pizzie,epizzieel@craigslist.org,Female,France,$2102775.44,Finance,Seldom
Fern Paula,fpaulaem@state.gov,Female,China,$2818006.90,Basic Industries,Weekly
Clea Szachniewicz,cszachniewiczen@si.edu,Female,Thailand,$4754702.59,Public Utilities,Seldom
Artus Olyfant,aolyfanteo@parallels.com,Male,Greece,$3522156.05,Consumer Non-Durables,Monthly
Codi Rodda,croddaep@soundcloud.com,Male,United States,$9170708.85,Finance,Seldom
Conroy Harrod,charrodeq@ucoz.com,Male,China,$4274473.22,Capital Goods,Weekly
Marquita Anneslie,manneslieer@phpbb.com,Female,Philippines,$3605110.54,Consumer Services,Monthly
Annabel Gossop,agossopes@quantcast.com,Female,United States,$1010820.55,Miscellaneous,Once
Hermia Hinstridge,hhinstridgeet@stumbleupon.com,Female,Philippines,$9196158.88,Consumer Non-Durables,Seldom
Nanny Dotterill,ndotterilleu@booking.com,Bigender,Czech Republic,$7408087.93,Health Care,Once
Binky Prinne,bprinneev@seesaa.net,Male,Palestinian Territory,$6569320.39,Consumer Durables,Daily
Bree Montfort,bmontfortew@skype.com,Bigender,Mongolia,$665323.27,Technology,Never
Fons Scoterbosh,fscoterboshex@senate.gov,Male,Mexico,$2324255.00,n/a,Monthly
Kincaid Martensen,kmartenseney@yahoo.com,Male,Japan,$5452835.58,Capital Goods,Yearly
Alyssa Joddins,ajoddinsez@sitemeter.com,Genderfluid,Peru,$1339090.90,Health Care,Weekly
Raynard Wilcot,rwilcotf0@census.gov,Male,Portugal,$6087308.19,Consumer Non-Durables,Weekly
Hersch Ortmann,hortmannf1@engadget.com,Male,Indonesia,$8515311.04,Consumer Services,Seldom
Craggie Guerrero,cguerrerof2@ucsd.edu,Male,France,$6490983.94,Health Care,Often
Duffie Burg,dburgf3@123-reg.co.uk,Male,Japan,$2693828.35,n/a,Monthly
Wini Pettinger,wpettingerf4@howstuffworks.com,Female,China,$1843556.40,Consumer Services,Yearly
Garrot Symondson,gsymondsonf5@mysql.com,Male,Nigeria,$7464854.52,Capital Goods,Monthly
Cchaddie Pettyfer,cpettyferf6@scribd.com,Male,Macedonia,$4516025.11,Technology,Seldom
Cissy Bolduc,cbolducf7@studiopress.com,Female,China,$1102088.57,n/a,Daily
Jake Gregolin,jgregolinf8@java.com,Male,Poland,$138349.35,Technology,Yearly
Kean Landeaux,klandeauxf9@businesswire.com,Bigender,Germany,$7425107.78,Consumer Services,Often
Blayne Estevez,bestevezfa@w3.org,Male,China,$1197281.68,Technology,Seldom
Emiline Marton,emartonfb@virginia.edu,Female,Philippines,$5574376.97,Health Care,Once
Heywood Jamot,hjamotfc@nifty.com,Male,Russia,$2568538.47,Finance,Yearly
Aymer Aseef,aaseeffd@msu.edu,Polygender,United States,$8982027.33,Health Care,Daily
Floyd Figge,ffiggefe@google.com.br,Male,China,$680804.20,Finance,Never
Andie Egle of Germany,aegleff@techcrunch.com,Male,France,$3831283.23,Energy,Seldom
Tommi Prendeguest,tprendeguestfg@tinyurl.com,Female,Greece,$6948866.17,Consumer Services,Daily
Gael MacGillicuddy,gmacgillicuddyfh@goo.gl,Male,Vietnam,$5580689.70,Finance,Often
Walt Balk,wbalkfi@abc.net.au,Male,Cuba,$1661239.65,Consumer Services,Daily
Roselin Hawker,rhawkerfj@zimbio.com,Bigender,Philippines,$3071192.88,Technology,Yearly
Frazier Botcherby,fbotcherbyfk@last.fm,Male,Netherlands,$4741751.14,Finance,Daily
Hendrick Esselen,hesselenfl@apple.com,Male,Kenya,$482368.97,n/a,Weekly
Adolf Yurov,ayurovfm@intel.com,Male,Greece,$1390302.34,Transportation,Never
Mel Blamey,mblameyfn@msn.com,Male,Portugal,$6959279.89,Consumer Non-Durables,Seldom
Leandra Edelston,ledelstonfo@guardian.co.uk,Female,Russia,$8226678.74,Consumer Services,Daily
Ward Peggram,wpeggramfp@mapquest.com,Male,Indonesia,$5667371.37,Basic Industries,Never
Junina Jouen,jjouenfq@timesonline.co.uk,Female,Indonesia,$5707573.23,Consumer Durables,Often
Fallon Reoch,freochfr@wired.com,Female,China,$7585027.66,Energy,Never
Wendel Shillabear,wshillabearfs@spotify.com,Male,Canada,$5341444.60,n/a,Often
Morley Jaimez,mjaimezft@ihg.com,Male,China,$4933786.34,Consumer Services,Daily
Catarina Arghent,carghentfu@accuweather.com,Female,China,$5632178.54,n/a,Often
Noelani Gameson,ngamesonfv@cargocollective.com,Female,Sri Lanka,$160740.61,Health Care,Often
Theodosia Lackmann,tlackmannfw@flickr.com,Female,Nicaragua,$9749810.12,Miscellaneous,Seldom
Perice Hallwood,phallwoodfx@seesaa.net,Male,China,$8623625.51,Energy,Yearly
Jessee Vere,jverefy@github.com,Genderqueer,France,$7899318.25,n/a,Often
Jaquelyn Merrywether,jmerrywetherfz@senate.gov,Female,Russia,$3915967.67,Consumer Services,Often
Pyotr Hiner,phinerg0@freewebs.com,Male,Russia,$6381352.60,Finance,Daily
Lonnard Infante,linfanteg1@jigsy.com,Male,Portugal,$7940654.27,Technology,Weekly
Marlo Melmore,mmelmoreg2@blogs.com,Male,Azerbaijan,$7705700.20,Energy,Weekly
Ardelia Buglar,abuglarg3@histats.com,Female,China,$5101319.90,Finance,Weekly
Fanechka Neilands,fneilandsg4@merriam-webster.com,Female,Peru,$4127815.61,Health Care,Seldom
Ryan Baysting,rbaystingg5@last.fm,Male,France,$2934443.35,n/a,Once
Patti Mansel,pmanselg6@mtv.com,Female,Kyrgyzstan,$9328100.98,Health Care,Seldom
Helen-elizabeth Showt,hshowtg7@desdev.cn,Female,Philippines,$8877854.15,Consumer Non-Durables,Yearly
Joana Attenborrow,jattenborrowg8@shinystat.com,Polygender,France,$6595426.79,Capital Goods,Weekly
Shena Corrett,scorrettg9@prnewswire.com,Non-binary,Philippines,$4213887.27,Consumer Services,Seldom
Noell Boscott,nboscottga@printfriendly.com,Female,China,$3065239.01,Basic Industries,Monthly
Ari Salamon,asalamongb@umich.edu,Male,Czech Republic,$2914540.22,Miscellaneous,Monthly
Abbey Trenaman,atrenamangc@timesonline.co.uk,Female,China,$3628817.18,Consumer Services,Daily
Katuscha Primo,kprimogd@yandex.ru,Female,Philippines,$6598166.39,n/a,Daily
Arabelle Santus,asantusge@etsy.com,Female,Indonesia,$2509771.45,Health Care,Daily
Danita Lambarth,dlambarthgf@techcrunch.com,Female,Thailand,$7398258.60,Finance,Yearly
Elisha Morse,emorsegg@cbslocal.com,Female,Comoros,$3792189.57,Technology,Once
Paulina Trelease,ptreleasegh@yelp.com,Bigender,Brazil,$3756918.16,Consumer Non-Durables,Often
Arturo Berrane,aberranegi@lulu.com,Male,China,$5318035.55,Consumer Services,Daily
Dix Sowerbutts,dsowerbuttsgj@geocities.com,Female,Russia,$5926662.58,Health Care,Once
Ivor Goulbourne,igoulbournegk@ucoz.com,Male,Colombia,$7708293.69,Consumer Services,Weekly
Harv Sawdon,hsawdongl@ifeng.com,Male,China,$8340742.05,Finance,Weekly
Claiborne Rosenqvist,crosenqvistgm@sfgate.com,Genderqueer,Indonesia,$1791566.18,Consumer Services,Seldom
Natale Epgrave,nepgravegn@youtu.be,Male,Russia,$4908314.90,Consumer Non-Durables,Never
Quincey Norcop,qnorcopgo@multiply.com,Male,China,$933265.35,Public Utilities,Monthly
Alfred Pyrah,apyrahgp@cafepress.com,Male,Brazil,$4261632.87,Finance,Weekly
Renato Gatchel,rgatchelgq@unicef.org,Male,Poland,$2827573.56,Health Care,Often
Leisha Godlonton,lgodlontongr@disqus.com,Female,Bolivia,$6176440.57,n/a,Daily
Nikkie Chafer,nchafergs@yellowbook.com,Female,South Africa,$9042033.45,Consumer Services,Monthly
Nicola Hannon,nhannongt@shareasale.com,Genderfluid,Italy,$7058677.03,n/a,Daily
Leonora Corkan,lcorkangu@arstechnica.com,Female,Cameroon,$9872234.66,Capital Goods,Weekly
Flory Lewzey,flewzeygv@npr.org,Male,Portugal,$1094124.32,Consumer Services,Daily
Inness Reinisch,ireinischgw@github.io,Male,Morocco,$9126699.05,Consumer Services,Monthly
Crysta Boreham,cborehamgx@chicagotribune.com,Non-binary,Tanzania,$6876196.27,Technology,Weekly
Kattie Curran,kcurrangy@typepad.com,Female,China,$1452648.57,Capital Goods,Often
Gerti Narey,gnareygz@nhs.uk,Female,Philippines,$9727400.98,Basic Industries,Never
Lauryn Vittore,lvittoreh0@rambler.ru,Female,Democratic Republic of the Congo,$3729361.93,n/a,Yearly
Janessa Fursey,jfurseyh1@msn.com,Female,China,$2905987.13,Consumer Services,Once
Aldrich Choppen,achoppenh2@cocolog-nifty.com,Agender,China,$5930739.49,Finance,Daily
Calli Skynner,cskynnerh3@ebay.co.uk,Female,Poland,$1130513.42,Technology,Never
Mead Edelheit,medelheith4@elegantthemes.com,Male,China,$4268741.25,Health Care,Once
Lucille Finlator,lfinlatorh5@cafepress.com,Female,Argentina,$9792718.13,Finance,Monthly
Kerrin Quinlan,kquinlanh6@blogger.com,Female,Indonesia,$3094920.76,Health Care,Once
Kean Jaffa,kjaffah7@cbsnews.com,Male,Sweden,$1902245.54,Health Care,Yearly
Mellisa Lavin,mlavinh8@un.org,Female,Philippines,$3541658.09,Consumer Services,Daily
Greta Myall,gmyallh9@usnews.com,Female,Brazil,$3154331.39,Consumer Services,Daily
Lu Kundert,lkundertha@theglobeandmail.com,Female,China,$5893270.76,Basic Industries,Weekly
Zak Bedson,,Genderqueer,Croatia,$8150165.15,Technology,Daily
Mirella Reeveley,mreeveleyhc@flavors.me,Agender,Canada,$6661317.38,Technology,Monthly
Dede Tarney,dtarneyhd@networkadvertising.org,Female,Philippines,$5267350.62,Finance,Seldom
Scot Kharchinski,skharchinskihe@dell.com,Male,Indonesia,$7792431.16,Technology,Yearly
Jourdan Lawther,jlawtherhf@jiathis.com,Female,South Africa,$171144.54,Finance,Monthly
Jefferson Button,jbuttonhg@adobe.com,Male,Colombia,$8337033.34,n/a,Seldom
Vanya Caudray,vcaudrayhh@google.com,Female,Portugal,$5236198.98,Basic Industries,Weekly
Katerine Wyllcock,,Agender,Japan,$9662544.43,Basic Industries,Never
Garner Cheesman,,Male,Indonesia,$8374437.51,Basic Industries,Never
Drew Murrells,dmurrellshk@github.com,Male,Uzbekistan,$9805643.48,n/a,Yearly
Nels Melmore,nmelmorehl@smugmug.com,Male,France,$5704557.96,Technology,Weekly
Nora Endean,nendeanhm@marketwatch.com,Female,Czech Republic,$4787396.43,Public Utilities,Once
Pincus Westpfel,pwestpfelhn@skyrock.com,Male,Tajikistan,$4062139.86,Health Care,Monthly
Noach Mustarde,nmustardeho@newyorker.com,Male,Indonesia,$5655450.72,n/a,Often
Quintana Pedler,qpedlerhp@imgur.com,Female,Indonesia,$6516265.18,Miscellaneous,Weekly
Melva Cockle,mcocklehq@skype.com,Female,France,$3912680.40,n/a,Daily
Edgard Jerosch,ejeroschhr@weather.com,Male,China,$7824874.86,Health Care,Weekly
Daphene Krojn,dkrojnhs@hexun.com,Bigender,Japan,$2099901.45,n/a,Never
Rebecca Fernant,rfernantht@ustream.tv,Female,France,$2440382.46,Finance,Often
Modestia Cradick,mcradickhu@earthlink.net,Female,Albania,$2639580.72,Consumer Services,Often
Elmer Karchewski,ekarchewskihv@canalblog.com,Male,Poland,$8705070.84,n/a,Weekly
Bambi Melmore,bmelmorehw@networksolutions.com,Female,Ethiopia,$4460142.35,n/a,Daily
Daren Kesley,dkesleyhx@delicious.com,Male,Angola,$3678208.35,Technology,Seldom
Adelina Stede,astedehy@constantcontact.com,Female,Bulgaria,$2380347.40,Consumer Services,Often
Teressa Gunthorp,tgunthorphz@usa.gov,Female,Indonesia,$2624377.94,Finance,Monthly
Jandy Howen,jhoweni0@cornell.edu,Female,Netherlands,$5147167.97,n/a,Yearly
Justen Jacques,jjacquesi1@nhs.uk,Male,Nigeria,$2099234.28,Energy,Monthly
Davin Gulc,dgulci2@icq.com,Male,Indonesia,$1343777.35,n/a,Daily
Ky Culleford,kcullefordi3@wunderground.com,Male,China,$3024735.69,Capital Goods,Seldom
Tannie Toynbee,ttoynbeei4@seesaa.net,Male,Norway,$1649466.26,Health Care,Seldom
Wilhelmine Stables,wstablesi5@aol.com,Female,Mexico,$6865670.03,Basic Industries,Never
Clareta Binnell,cbinnelli6@microsoft.com,Female,Tunisia,$6352932.58,Capital Goods,Daily
Pansy McFadzean,pmcfadzeani7@behance.net,Female,Vietnam,$688291.51,Health Care,Monthly
Maggie McCreery,,Polygender,Brazil,$4190547.47,Finance,Often
Devlen Harnor,dharnori9@npr.org,Male,China,$2064092.98,Public Utilities,Daily
Jacinda Gurner,jgurneria@yellowpages.com,Female,China,$9482499.49,Capital Goods,Often
Aimee Fursland,afurslandib@yale.edu,Agender,Peru,$7916020.60,Miscellaneous,Often
Reider O'Scandall,roscandallic@indiegogo.com,Male,Poland,$3662253.09,Capital Goods,Monthly
Fields Tunnah,ftunnahid@comsenz.com,Male,Somalia,$9262039.40,Consumer Services,Monthly
Shanan Nibley,snibleyie@columbia.edu,Male,Greece,$4820386.18,Health Care,Seldom
Carlyle Baudic,cbaudicif@sciencedirect.com,Male,Poland,$7434169.34,Consumer Services,Seldom
Merissa Hanks,mhanksig@google.com.br,Female,Tanzania,$6350437.35,Miscellaneous,Yearly
Eva Weddup,eweddupih@icio.us,Female,Brazil,$7038471.54,Finance,Weekly
Hart Critchell,hcritchellii@shareasale.com,Male,China,$2031422.35,Consumer Services,Daily
Perri Casaletto,pcasalettoij@youtu.be,Female,Afghanistan,$5621298.66,Consumer Durables,Daily
Dieter Casetti,dcasettiik@dagondesign.com,Male,France,$9693455.85,n/a,Daily
Lita McNirlan,lmcnirlanil@sphinn.com,Agender,Indonesia,$1240777.82,Capital Goods,Weekly
Jodi Kennion,jkennionim@homestead.com,Male,Cameroon,$3879778.15,n/a,Yearly
Noelle Gaine,ngainein@noaa.gov,Female,China,$1207042.61,Finance,Yearly
Shepard Harland,sharlandio@ted.com,Male,Mongolia,$3881812.52,Finance,Once
Abagail Rimbault,arimbaultip@360.cn,Female,Canada,$9800830.98,Capital Goods,Yearly
Leroi Kisar,lkisariq@mashable.com,Male,Brazil,$1102649.48,Health Care,Weekly
Cordie Crudge,ccrudgeir@trellian.com,Polygender,China,$4857686.77,Health Care,Often
Carmine Mecchi,cmecchiis@nydailynews.com,Female,China,$5542719.14,Public Utilities,Daily
Coralie Munnings,cmunningsit@51.la,Female,China,$2326994.75,Finance,Once
Allie Blaw,,Male,United States,$2881886.94,Health Care,Seldom
Hayes Buie,hbuieiv@unesco.org,Male,China,$6761964.62,Technology,Daily
Laurene Hebdon,lhebdoniw@blogger.com,Agender,Moldova,$5723284.44,Finance,Daily
Pete Sartain,psartainix@jimdo.com,Male,Panama,$5754222.32,n/a,Never
Tyrone Sworne,tsworneiy@github.com,Male,Indonesia,$9336017.54,n/a,Once
Ashien Heinke,aheinkeiz@spiegel.de,Female,Guinea,$3791068.97,n/a,Yearly
Stanislaw McWilliams,smcwilliamsj0@amazonaws.com,Male,Czech Republic,$6488584.15,Health Care,Yearly
Normie Jaffray,njaffrayj1@blog.com,Agender,United States,$5505163.78,Basic Industries,Often
Shep Grayer,sgrayerj2@netscape.com,Male,Philippines,$8218067.26,Health Care,Weekly
Bonni Hurran,bhurranj3@google.co.uk,Female,China,$5394559.03,n/a,Never
Yule Silly,ysillyj4@behance.net,Agender,Indonesia,$4198437.20,Health Care,Monthly
Anet Frantzen,afrantzenj5@cmu.edu,Female,China,$5046012.21,Consumer Services,Weekly
Genia Tuffs,gtuffsj6@tmall.com,Bigender,Uganda,$7097474.23,Consumer Services,Monthly
Brooks Simmonds,bsimmondsj7@histats.com,Female,Mongolia,$2421045.63,n/a,Yearly
Myrtice Estcot,,Female,Singapore,$2653958.69,Energy,Often
Avis Chaster,achasterj9@yelp.com,Female,Colombia,$7414022.85,Miscellaneous,Once
Alix Dullard,adullardja@sourceforge.net,Bigender,Canada,$6273261.53,Health Care,Once
Janie De la Eglise,jdejb@washington.edu,Female,China,$4631087.41,Technology,Seldom
Therese Miner,tminerjc@people.com.cn,Female,United States,$3418684.16,Finance,Daily
Katrine Davidov,kdavidovjd@google.com,Female,Tajikistan,$5449314.56,Finance,Daily
Paquito Browse,pbrowseje@cnet.com,Male,Philippines,$6939630.27,Capital Goods,Weekly
Janice Deighan,jdeighanjf@reuters.com,Female,Indonesia,$8193088.69,Finance,Often
Kristian Darker,kdarkerjg@google.co.jp,Male,Malaysia,$3438639.43,Transportation,Once
Innis Voisey,ivoiseyjh@123-reg.co.uk,Male,Chad,$8754010.43,n/a,Often
Evita MacMorland,emacmorlandji@google.com.au,Polygender,South Africa,$1622809.97,n/a,Once
Bell Mangan,bmanganjj@nps.gov,Female,France,$5756758.85,n/a,Monthly
Torr Santi,tsantijk@cbslocal.com,Male,Guinea,$7606210.21,n/a,Once
Gustavus Bellino,gbellinojl@yahoo.co.jp,Male,France,$6647032.93,Basic Industries,Often
Chet Ivanaev,civanaevjm@cdc.gov,Male,France,$3050424.13,n/a,Seldom
Kennedy Philippart,kphilippartjn@admin.ch,Male,Indonesia,$7621358.15,n/a,Seldom
Luther Ede,,Male,Portugal,$8687762.86,Public Utilities,Yearly
Mariya Churching,mchurchingjp@yahoo.com,Polygender,Poland,$754696.21,Capital Goods,Monthly
Renado Kubera,rkuberajq@weibo.com,Male,Brazil,$1067916.33,Finance,Daily
Harcourt Deaton,hdeatonjr@plala.or.jp,Male,Netherlands,$4074941.03,Health Care,Yearly
Constantino Greeveson,cgreevesonjs@sciencedaily.com,Male,Russia,$7635782.06,Consumer Services,Daily
Brennan Netherclift,bnethercliftjt@auda.org.au,Male,Philippines,$7318356.31,Energy,Seldom
Abbey Hadley,ahadleyju@joomla.org,Male,Macedonia,$943802.50,Finance,Weekly
Justis Ryle,jrylejv@shinystat.com,Male,United States,$4978570.52,Finance,Once
Nicko Wynrehame,nwynrehamejw@rakuten.co.jp,Male,China,$760392.72,n/a,Once
Emmalynn Wattingham,ewattinghamjx@mapy.cz,Female,Indonesia,$7215451.38,Capital Goods,Often
Katherina Astley,kastleyjy@yelp.com,Female,South Korea,$3612948.08,Consumer Services,Daily
Yves Barnshaw,ybarnshawjz@nasa.gov,Male,Brazil,$8877360.61,Transportation,Never
Silvio Pickard,spickardk0@flavors.me,Male,Sweden,$7976254.66,Finance,Once
Enid LAbbet,elabbetk1@typepad.com,Female,China,$2820980.41,Transportation,Daily
Mallorie Canas,mcanask2@skype.com,Female,Cuba,$3877669.37,Health Care,Once
Cad Brimham,cbrimhamk3@ftc.gov,Male,Brazil,$5176455.47,n/a,Often
Garwin Balassa,gbalassak4@ebay.co.uk,Male,Armenia,$2676031.87,Consumer Durables,Weekly
Annmaria Kaubisch,akaubischk5@pagesperso-orange.fr,Female,Russia,$866479.66,n/a,Weekly
Janette Kauscher,jkauscherk6@tuttocitta.it,Female,China,$8269016.21,n/a,Weekly
Rosalyn Schankel,rschankelk7@homestead.com,Female,Greece,$3775119.44,Energy,Yearly
Coop Campsall,ccampsallk8@smh.com.au,Male,Kazakhstan,$3117453.74,Capital Goods,Weekly
Christopher Cargenven,ccargenvenk9@cdc.gov,Male,Sweden,$7011108.57,Energy,Monthly
Dennis Harness,dharnesska@lulu.com,Male,China,$9407223.57,Health Care,Seldom
Meir Andrick,mandrickkb@unblog.fr,Male,China,$7566545.22,Basic Industries,Once
Olav Pacher,opacherkc@cloudflare.com,Male,Indonesia,$7232248.66,Health Care,Never
Reginald Vasse,rvassekd@washington.edu,Male,Indonesia,$4548208.68,n/a,Seldom
Tillie Daoust,tdaoustke@rediff.com,Female,Ukraine,$1861908.69,Capital Goods,Never
Rora Brooksbie,rbrooksbiekf@privacy.gov.au,Female,China,$807943.84,n/a,Never
Morgen Tromans,mtromanskg@guardian.co.uk,Male,Sweden,$9078060.43,Basic Industries,Once
Dunstan Wrankling,dwranklingkh@home.pl,Male,Ukraine,$6407888.93,Miscellaneous,Weekly
Etta Teodori,eteodoriki@cisco.com,Genderqueer,Venezuela,$1745537.09,n/a,Never
Verene Abrahm,vabrahmkj@51.la,Female,China,$3827894.66,Consumer Durables,Weekly
Farrel Normanton,fnormantonkk@ucla.edu,Male,China,$9703622.43,n/a,Weekly
Kanya MacDiarmond,kmacdiarmondkl@ameblo.jp,Polygender,Greece,$3026723.37,n/a,Seldom
Way McEneny,wmcenenykm@istockphoto.com,Male,Argentina,$8087035.44,Health Care,Often
Klaus Dumphy,kdumphykn@craigslist.org,Male,Russia,$5815862.91,Consumer Services,Never
Eryn Ferandez,eferandezko@europa.eu,Female,China,$6513186.33,Finance,Monthly
Marion Salmons,msalmonskp@reddit.com,Male,China,$8911121.52,Finance,Yearly
Fania Oddy,foddykq@pbs.org,Female,Portugal,$9324592.56,Consumer Services,Daily
Fredek O'Dunniom,fodunniomkr@mlb.com,Male,China,$88766.79,Basic Industries,Never
Valeria Botten,vbottenks@twitpic.com,Female,Mongolia,$5815162.45,Transportation,Weekly
Carmen Denyer,cdenyerkt@amazonaws.com,Female,Cameroon,$2569806.65,Consumer Services,Seldom
Zebulon Beswell,zbeswellku@xinhuanet.com,Male,China,$7869365.26,Consumer Non-Durables,Weekly
Alain Lacroutz,alacroutzkv@vk.com,Male,Indonesia,$3773997.67,Consumer Services,Weekly
Carmelle Franies,cfranieskw@issuu.com,Female,Ukraine,$3298711.77,n/a,Seldom
Cynthea Gabits,cgabitskx@plala.or.jp,Female,Ukraine,$7220618.08,Public Utilities,Often
Linda Lehrer,,Agender,Canada,$5974857.26,Consumer Non-Durables,Weekly
Stephi Mosdill,smosdillkz@zdnet.com,Female,Poland,$8650926.29,Basic Industries,Monthly
Kenna Stemson,kstemsonl0@stumbleupon.com,Polygender,Philippines,$8446620.96,Consumer Durables,Never
Marybelle Lerego,mleregol1@shinystat.com,Female,France,$5591040.55,Energy,Yearly
Erskine Brahan,ebrahanl2@mail.ru,Male,China,$4547181.62,n/a,Weekly
Winston Waddilove,wwaddilovel3@comsenz.com,Male,United States,$2754050.57,Finance,Seldom
Norris Borer,nborerl4@weebly.com,Male,Burundi,$9265387.55,Consumer Services,Monthly
Iggie Tumioto,itumiotol5@joomla.org,Male,Marshall Islands,$3778548.81,Health Care,Yearly
Dorene Rosensaft,drosensaftl6@umich.edu,Female,Poland,$2371793.13,Consumer Durables,Once
Westbrook Tonn,wtonnl7@netlog.com,Male,Colombia,$9693221.92,Finance,Once
Karrah Spellacey,kspellaceyl8@ftc.gov,Female,China,$8825026.92,Technology,Monthly
Fay Merry,fmerryl9@t-online.de,Polygender,China,$2809114.11,Public Utilities,Seldom
Kynthia Corrado,kcorradola@nationalgeographic.com,Female,Philippines,$1546171.65,Basic Industries,Monthly
Mallissa Kehri,mkehrilb@wiley.com,Female,Colombia,$2008334.18,Health Care,Yearly
Viviene Sykes,vsykeslc@amazon.de,Female,Russia,$5104144.47,Consumer Non-Durables,Never
Arlene Barthelet,abartheletld@nydailynews.com,Female,Mexico,$9120734.87,Consumer Services,Often
Ken Glauber,kglauberle@army.mil,Male,China,$1499715.60,n/a,Once
Lyndel Hawes,lhaweslf@t.co,Female,China,$1835131.73,Technology,Monthly
Newton Sokale,nsokalelg@bbc.co.uk,Male,China,$5975851.42,Capital Goods,Seldom
Anetta Amesbury,aamesburylh@google.com.hk,Agender,Philippines,$445939.61,Finance,Weekly
Abbie Etherton,aethertonli@live.com,Genderfluid,Indonesia,$104101.35,Health Care,Often
Christan Thorington,cthoringtonlj@irs.gov,Female,China,$5786076.60,n/a,Weekly
Carver Friedenbach,cfriedenbachlk@marriott.com,Male,Indonesia,$7590903.68,Capital Goods,Never
Tommie Jakubovsky,tjakubovskyll@exblog.jp,Female,China,$1478873.42,Public Utilities,Yearly
Teressa Kupke,tkupkelm@printfriendly.com,Female,Indonesia,$9252981.50,n/a,Often
Devin Halewood,dhalewoodln@phpbb.com,Female,Uganda,$7608949.96,Public Utilities,Monthly
Lars Purry,lpurrylo@elpais.com,Male,Mozambique,$4558119.23,Consumer Services,Weekly
Marleen Clementucci,mclementuccilp@fda.gov,Female,Portugal,$6226975.79,n/a,Never
Tandie Gristock,tgristocklq@wordpress.com,Agender,Ecuador,$8649900.24,Finance,Weekly
Margarita Gallie,mgallielr@forbes.com,Female,Brazil,$7476497.47,n/a,Once
Carmina Thurlborn,cthurlbornls@oaic.gov.au,Female,Philippines,$4375479.77,n/a,Monthly
Carmine Sima,csimalt@twitpic.com,Male,Philippines,$7591952.77,n/a,Daily
Karlens Quidenham,kquidenhamlu@photobucket.com,Genderfluid,China,$6572200.21,Capital Goods,Never
Kennith Leppard,kleppardlv@pagesperso-orange.fr,Genderfluid,China,$6131669.13,Finance,Yearly
Bealle Scamerdine,bscamerdinelw@live.com,Male,Indonesia,$149761.50,n/a,Never
Kale Darte,kdartelx@census.gov,Male,Indonesia,$3609797.64,n/a,Yearly
Delphinia Yitzhakov,dyitzhakovly@prweb.com,Female,Russia,$9668729.10,Basic Industries,Daily
Orbadiah Shawdforth,oshawdforthlz@technorati.com,Male,Japan,$69883.57,Consumer Services,Yearly
Aristotle Huot,ahuotm0@seattletimes.com,Male,Cape Verde,$5580381.11,Health Care,Never
Gayelord Cockson,gcocksonm1@mit.edu,Male,Laos,$241179.57,Finance,Once
Ximenes Fetter,xfetterm2@unicef.org,Male,Mexico,$7090157.69,Basic Industries,Never
Renault Boate,rboatem3@list-manage.com,Male,China,$4809421.32,Health Care,Daily
Codie Blabber,cblabberm4@dailymotion.com,Male,Russia,$233435.16,Technology,Weekly
Madella Church,mchurchm5@state.gov,Female,Sweden,$9250929.20,Finance,Never
Carson Vida,cvidam6@vimeo.com,Male,Japan,$2230587.57,Public Utilities,Daily
Valeda Atkirk,vatkirkm7@dagondesign.com,Female,Portugal,$4466899.63,Consumer Services,Seldom
Ekaterina Echallier,eechallierm8@usda.gov,Non-binary,Colombia,$2839102.44,Consumer Services,Yearly
Filmore Planks,fplanksm9@bravesites.com,Agender,Philippines,$2814207.07,n/a,Never
Edsel Zaniolo,ezanioloma@amazon.co.uk,Male,Portugal,$7143626.52,Health Care,Daily
Petronella Inkpen,pinkpenmb@newsvine.com,Agender,Thailand,$4384456.01,Consumer Non-Durables,Never
Rikki Halksworth,rhalksworthmc@zimbio.com,Male,Russia,$1557288.46,Technology,Never
Gena Ruprechter,gruprechtermd@hexun.com,Female,Brazil,$7857325.29,Finance,Daily
Lon Dessant,ldessantme@msu.edu,Male,Vietnam,$6662428.86,n/a,Monthly
Franky Cloonan,fcloonanmf@fc2.com,Male,China,$8837750.28,Energy,Yearly
Ann-marie Schwandner,aschwandnermg@topsy.com,Female,China,$3654989.27,Energy,Daily
Chelsie Splevings,csplevingsmh@bing.com,Female,Honduras,$105354.74,Consumer Services,Never
Rubin Lowdiane,rlowdianemi@huffingtonpost.com,Genderfluid,China,$5067261.47,Consumer Durables,Monthly
Reagan Geistmann,rgeistmannmj@biblegateway.com,Bigender,Macedonia,$6718159.64,Health Care,Often
Olivette Gergely,ogergelymk@walmart.com,Female,Japan,$8104145.96,Health Care,Often
Rossie Ballister,rballisterml@fotki.com,Male,Indonesia,$8778371.49,Capital Goods,Often
Leo Rangle,lranglemm@skyrock.com,Male,Poland,$8324200.82,Consumer Services,Never
Stephani Pohlak,,Female,Indonesia,$9795049.21,n/a,Seldom
Karleen Southernwood,ksouthernwoodmo@stanford.edu,Female,Indonesia,$4733145.78,Finance,Often
Lezlie Kervin,lkervinmp@chicagotribune.com,Female,Russia,$3317967.10,Health Care,Never
Marj Scrivinor,mscrivinormq@icio.us,Female,Philippines,$8993344.32,Consumer Services,Yearly
Preston Strotton,pstrottonmr@zimbio.com,Male,Sweden,$6312603.72,n/a,Often
Jacklyn Hearfield,jhearfieldms@livejournal.com,Female,Canada,$3587902.49,Consumer Services,Seldom
Augy Isacq,aisacqmt@about.com,Male,Brazil,$177413.55,Health Care,Never
Karee Bony,kbonymu@chron.com,Female,China,$7910583.22,Consumer Services,Monthly
Bartolemo Baus,bbausmv@nps.gov,Male,China,$1757859.51,Energy,Yearly
Broddie Cisco,bciscomw@naver.com,Male,Russia,$1844549.86,Health Care,Yearly
Joya Visco,jviscomx@ca.gov,Female,Mongolia,$5053599.28,Consumer Non-Durables,Daily
Vonni Crumpe,vcrumpemy@networkadvertising.org,Female,Russia,$7113873.17,Health Care,Once
Kath Elster,kelstermz@friendfeed.com,Female,Bolivia,$4633002.81,Health Care,Monthly
Aurore Fludder,afluddern0@usa.gov,Agender,Russia,$1988502.96,Public Utilities,Yearly
Christabella Gantley,cgantleyn1@cocolog-nifty.com,Female,Russia,$90887.18,Consumer Services,Never
Cecily Clutheram,cclutheramn2@redcross.org,Female,Netherlands,$7744251.64,Basic Industries,Seldom
Egon Krimmer,ekrimmern3@furl.net,Male,Sweden,$9298418.68,n/a,Yearly
Linc Haukey,lhaukeyn4@si.edu,Genderqueer,Brazil,$7729180.45,n/a,Weekly
Melesa McAnulty,mmcanultyn5@tumblr.com,Non-binary,Colombia,$6360426.57,Health Care,Yearly
Ernst Pond,epondn6@spotify.com,Male,China,$5239676.58,n/a,Weekly
Calli Stubbings,cstubbingsn7@odnoklassniki.ru,Genderqueer,Russia,$6426080.54,Finance,Never
Kaile Constantine,kconstantinen8@google.nl,Genderfluid,Afghanistan,$4473366.41,Health Care,Yearly
Tye Orrick,torrickn9@epa.gov,Male,Botswana,$7627503.23,Energy,Seldom
Reese Rennock,,Male,Hungary,$4872813.76,Finance,Yearly
Jasen Siaskowski,jsiaskowskinb@lulu.com,Male,Sweden,$4292483.39,Health Care,Weekly
Elias Conti,econtinc@msu.edu,Male,Bosnia and Herzegovina,$2454303.43,Energy,Never
Janifer Kedwell,jkedwellnd@geocities.jp,Female,France,$2682434.49,Technology,Once
Finley Corson,fcorsonne@howstuffworks.com,Male,Slovenia,$6442651.44,Finance,Weekly
Gaston Dwelley,gdwelleynf@hatena.ne.jp,Male,United States,$8900023.28,Finance,Often
Roscoe Kennon,rkennonng@hubpages.com,Male,Indonesia,$4821375.50,Technology,Yearly
Nathanael Chastaing,nchastaingnh@accuweather.com,Male,Indonesia,$4193212.26,Consumer Services,Yearly
Druci Dunford,ddunfordni@mac.com,Female,Poland,$5975015.34,Health Care,Daily
Gretel Bennedsen,,Female,Canada,$7081632.46,n/a,Never
Jesus Paydon,jpaydonnk@sourceforge.net,Male,Poland,$7976393.67,Consumer Services,Weekly
Harp Paulley,hpaulleynl@stanford.edu,Male,Tunisia,$2862443.07,Finance,Daily
See Rodgman,srodgmannm@stanford.edu,Male,Nigeria,$9282157.82,Health Care,Monthly
Adrian Hunton,ahuntonnn@dion.ne.jp,Female,Japan,$75460.54,n/a,Seldom
Kathrine Symcock,ksymcockno@economist.com,Female,China,$1294773.45,n/a,Once
Durand Bearward,dbearwardnp@tamu.edu,Male,Indonesia,$3486835.00,Finance,Monthly
Shae Kneebone,skneebonenq@sciencedirect.com,Female,China,$7252109.97,Consumer Non-Durables,Monthly
Ethelyn Rosenthaler,,Female,Vietnam,$9279648.99,Public Utilities,Daily
Liam Chatres,lchatresns@apple.com,Male,China,$4251266.07,Finance,Never
Natty Shills,nshillsnt@bloglovin.com,Female,Brazil,$8572965.95,Public Utilities,Daily
Courtnay Ralls,crallsnu@bbc.co.uk,Female,Brazil,$313525.30,Basic Industries,Seldom
Rosella Oxenbury,roxenburynv@npr.org,Female,Botswana,$2017764.01,Basic Industries,Weekly
Bealle Ebourne,bebournenw@mlb.com,Male,Brazil,$1274145.62,Health Care,Yearly
Emory MacDiarmond,emacdiarmondnx@pen.io,Male,Japan,$2650862.60,n/a,Yearly
Shanda Mum,smumny@mapy.cz,Female,Armenia,$1659878.37,Health Care,Daily
Alley Bengtson,abengtsonnz@wikia.com,Male,Honduras,$2213343.13,Health Care,Monthly
Enos Brackstone,ebrackstoneo0@w3.org,Male,France,$3452754.58,Energy,Monthly
Jon Heakey,jheakeyo1@reference.com,Male,Poland,$9062047.98,Transportation,Never
Megan Cartman,mcartmano2@friendfeed.com,Female,Uganda,$8237121.17,n/a,Once
Dorita Wildt,dwildto3@printfriendly.com,Female,China,$7445529.49,Capital Goods,Weekly
Oneida Jeckells,ojeckellso4@sina.com.cn,Female,Poland,$6487340.11,n/a,Never
Gregorio Firmin,gfirmino5@fda.gov,Male,China,$4589208.71,Miscellaneous,Often
Donnie Sutherley,dsutherleyo6@hp.com,Male,Indonesia,$9700014.02,n/a,Once
Gustavo Link,glinko7@spiegel.de,Male,Portugal,$6701005.67,Finance,Weekly
Wayne Vasyukhichev,wvasyukhichevo8@indiegogo.com,Male,Philippines,$5640046.27,Finance,Daily
Costanza Kaplin,ckaplino9@virginia.edu,Female,Sweden,$1739991.42,Finance,Monthly
Florella Lubman,flubmanoa@miitbeian.gov.cn,Female,China,$336789.96,Technology,Daily
Artus Rooper,arooperob@cdbaby.com,Male,Philippines,$1192103.45,Technology,Weekly
Aidan Whoston,awhostonoc@prlog.org,Female,Indonesia,$641344.73,Finance,Never
Hort Whannel,hwhannelod@friendfeed.com,Male,Indonesia,$2948784.46,n/a,Weekly
Sissie Parsonson,sparsonsonoe@phoca.cz,Female,China,$9105810.71,n/a,Once
Alexa Mollitt,amollittof@tmall.com,Female,Indonesia,$2192224.95,Technology,Yearly
Eberto Sackur,esackurog@tripadvisor.com,Male,China,$7703155.68,Energy,Yearly
Druci Clewarth,dclewarthoh@epa.gov,Female,Philippines,$8962689.17,Basic Industries,Monthly
Clevey Gillise,cgilliseoi@yahoo.co.jp,Male,Germany,$4777448.93,Technology,Once
Zola Hansmann,zhansmannoj@home.pl,Female,Indonesia,$730245.73,n/a,Often
Aluin Manass,amanassok@1688.com,Male,Uganda,$9068076.67,n/a,Seldom
Reeta Crocombe,rcrocombeol@photobucket.com,Female,Russia,$8110905.90,Capital Goods,Seldom
Genni Reasce,greasceom@infoseek.co.jp,Female,Colombia,$2998489.96,Health Care,Yearly
Malchy Paulazzi,mpaulazzion@etsy.com,Male,Portugal,$800051.67,Finance,Seldom
Kristal McFie,kmcfieoo@upenn.edu,Agender,Indonesia,$245284.59,n/a,Never
Mercie Trevarthen,,Female,Indonesia,$4449994.36,n/a,Once
Ange Scarsbrick,ascarsbrickoq@t-online.de,Non-binary,Philippines,$6720673.72,Consumer Services,Often
August Hopkynson,ahopkynsonor@state.gov,Bigender,China,$6958403.04,Basic Industries,Never
Nico Melan,nmelanos@youku.com,Male,Ivory Coast,$3253363.72,Capital Goods,Seldom
Grace Lightbourn,glightbournot@archive.org,Male,Portugal,$8307638.53,Miscellaneous,Daily
Austina Gude,agudeou@phoca.cz,Female,Argentina,$4625546.14,n/a,Seldom
Rosie Bavester,rbavesterov@google.pl,Female,Vietnam,$7933467.70,n/a,Often
Tamara Hearst,thearstow@google.fr,Genderqueer,Slovenia,$4614556.12,Transportation,Seldom
Anni Challens,achallensox@java.com,Female,Indonesia,$5397814.78,Health Care,Yearly
Hartwell Barthrop,hbarthropoy@usda.gov,Male,Portugal,$4653812.00,Finance,Once
Chantalle Gatch,cgatchoz@washington.edu,Female,Norway,$1890482.07,Technology,Often
Winni Learoyd,wlearoydp0@taobao.com,Female,Greece,$6419936.71,Consumer Services,Daily
Finn Spire,fspirep1@gov.uk,Male,Indonesia,$2480708.84,n/a,Often
Reider Frankham,rfrankhamp2@hao123.com,Male,Brazil,$5873750.32,Energy,Often
Daron Littrell,dlittrellp3@apache.org,Female,Philippines,$9178339.79,Capital Goods,Weekly
Bryon Comport,bcomportp4@xinhuanet.com,Male,China,$9037183.73,Energy,Often
Krisha MacPhee,kmacpheep5@about.me,Male,China,$7477278.69,Finance,Seldom
Gregorius Ragate,gragatep6@patch.com,Male,Sweden,$4480040.24,Public Utilities,Never
Kearney Bartolomeo,kbartolomeop7@elpais.com,Male,Indonesia,$1631756.15,Capital Goods,Yearly
Casper Elis,celisp8@i2i.jp,Male,China,$5673431.35,Finance,Yearly
Devan Itzchaky,ditzchakyp9@dailymotion.com,Female,China,$6375947.62,Energy,Monthly
Beauregard Mularkey,,Male,Portugal,$2784101.05,Technology,Once
Saloma Camelia,scameliapb@whitehouse.gov,Female,Japan,$3475975.99,Consumer Services,Often
Mirabel Riccardo,mriccardopc@hibu.com,Female,Ukraine,$8867638.43,n/a,Never
Ardenia Hugonneau,ahugonneaupd@dyndns.org,Female,Philippines,$2993861.69,n/a,Once
Margi Harmond,mharmondpe@phpbb.com,Female,Syria,$8249157.02,Consumer Services,Never
Wain Vanns,wvannspf@clickbank.net,Polygender,Chad,$8086204.06,Consumer Non-Durables,Yearly
Monah Cammish,mcammishpg@europa.eu,Female,Ivory Coast,$6241889.26,Public Utilities,Never
Babita Lothean,blotheanph@stanford.edu,Female,Czech Republic,$6410576.10,Capital Goods,Weekly
Desdemona Odhams,dodhamspi@mac.com,Female,Brazil,$3753968.60,Finance,Monthly
Donna Masedon,dmasedonpj@naver.com,Female,Russia,$9691975.70,Finance,Never
Alex Matyushonok,amatyushonokpk@naver.com,Polygender,New Zealand,$2373211.29,Energy,Weekly
Brier Whichelow,bwhichelowpl@si.edu,Female,Cuba,$4338506.71,Energy,Yearly
Pincus Gyver,pgyverpm@washingtonpost.com,Male,Indonesia,$3769150.70,Finance,Often
Abram Fowgies,afowgiespn@posterous.com,Male,Russia,$6213122.72,n/a,Never
Doralin Stoakley,dstoakleypo@sphinn.com,Female,China,$5959183.49,n/a,Weekly
Sam Ashmole,sashmolepp@gizmodo.com,Female,Portugal,$4887779.71,Health Care,Monthly
Jany Tinto,jtintopq@google.ru,Female,Brazil,$5335343.54,Capital Goods,Weekly
Pandora Balloch,pballochpr@yahoo.co.jp,Female,Indonesia,$7600328.43,n/a,Weekly
Aubry Wrightson,awrightsonps@newsvine.com,Female,Jordan,$3128817.36,Technology,Often
Hasty Gisbourn,hgisbournpt@jugem.jp,Male,Czech Republic,$5457667.38,Consumer Non-Durables,Weekly
Dalila Sineath,dsineathpu@tripod.com,Female,France,$6612381.88,Finance,Seldom
Gabrielle Toe,gtoepv@telegraph.co.uk,Female,Palestinian Territory,$3120612.15,n/a,Weekly
Thorn Chittey,tchitteypw@newyorker.com,Male,Zambia,$9450680.18,Finance,Seldom
Domeniga Everall,deverallpx@desdev.cn,Female,China,$2719636.18,n/a,Yearly
Jyoti Bucknell,jbucknellpy@unc.edu,Female,Israel,$3000406.52,n/a,Seldom
Adler Beefon,abeefonpz@redcross.org,Male,China,$5081974.38,Miscellaneous,Seldom
Marcelo Happs,mhappsq0@flavors.me,Male,South Africa,$994937.07,Health Care,Often
Rowen Zanutti,rzanuttiq1@yandex.ru,Male,Norway,$4260135.84,Technology,Monthly
Tandi Figgen,tfiggenq2@posterous.com,Female,Indonesia,$2161117.46,Consumer Services,Yearly
Artemas Adne,aadneq3@tuttocitta.it,Male,Brazil,$2294309.45,Consumer Services,Daily
Dick Ellsom,dellsomq4@hp.com,Polygender,Brazil,$2162220.36,Health Care,Seldom
Barbey Stronghill,bstronghillq5@vkontakte.ru,Female,Philippines,$3532982.92,Public Utilities,Seldom
Tomi Fydo,tfydoq6@barnesandnoble.com,Female,Bolivia,$2492832.86,Basic Industries,Often
Latrena Abbie,labbieq7@baidu.com,Female,Sri Lanka,$2316730.49,n/a,Often
Chan Keysall,ckeysallq8@ycombinator.com,Male,Argentina,$8601876.08,Public Utilities,Often
Giacopo Attree,gattreeq9@java.com,Male,France,$1976717.15,Basic Industries,Monthly
Reinhold Edmonston,redmonstonqa@jiathis.com,Male,Ecuador,$6237021.97,Health Care,Seldom
Merlina Himpson,mhimpsonqb@google.ru,Female,China,$9724465.03,Finance,Often
Ellswerth Poulsom,epoulsomqc@ucla.edu,Male,Guatemala,$6264255.95,n/a,Monthly
Curt Alesin,calesinqd@cbslocal.com,Male,Pakistan,$4081606.38,n/a,Once
Brena Millmoe,bmillmoeqe@berkeley.edu,Female,China,$2018342.77,Consumer Services,Seldom
Roderich Beavington,rbeavingtonqf@wiley.com,Male,Russia,$982627.04,Finance,Seldom
Nicolette O' Timony,noqg@spotify.com,Female,Poland,$3362157.76,n/a,Daily
Osbourn Murrill,omurrillqh@taobao.com,Male,Brazil,$4167260.43,Consumer Services,Weekly
Carmine Tyndall,ctyndallqi@free.fr,Female,China,$6290215.79,n/a,Seldom
Currey Bedinham,cbedinhamqj@goo.ne.jp,Polygender,Greece,$5034607.95,Consumer Services,Daily
Lurleen Corington,lcoringtonqk@about.com,Female,Indonesia,$4364484.78,Health Care,Never
Tarrance Whorlton,twhorltonql@about.me,Genderfluid,Indonesia,$3612158.44,Consumer Services,Monthly
Catha Arpino,carpinoqm@timesonline.co.uk,Female,France,$749656.94,Consumer Durables,Weekly
Kurtis McKiernan,kmckiernanqn@newsvine.com,Male,China,$5872040.59,Energy,Weekly
Colleen Tremellier,ctremellierqo@usa.gov,Genderfluid,China,$5937221.58,n/a,Often
Rosemaria Wheowall,rwheowallqp@yolasite.com,Female,Russia,$407595.55,Basic Industries,Weekly
Doralin Kuscha,dkuschaqq@jiathis.com,Female,China,$2877300.32,Consumer Non-Durables,Never
Tammi Topham,ttophamqr@csmonitor.com,Female,Indonesia,$460423.04,Technology,Weekly
Kaitlin Francey,kfranceyqs@cyberchimps.com,Genderqueer,China,$4356708.03,Energy,Weekly
Gabriell Filipson,gfilipsonqt@hibu.com,Bigender,Russia,$1030177.23,Consumer Services,Yearly
Elaina McEvilly,emcevillyqu@cnn.com,Genderfluid,Argentina,$8226306.02,Finance,Seldom
Mozes Cato,mcatoqv@noaa.gov,Male,China,$2446415.55,n/a,Daily
Martie Royle,mroyleqw@booking.com,Male,Philippines,$7349892.21,Consumer Durables,Yearly
Jade Petrakov,jpetrakovqx@a8.net,Female,Philippines,$6055193.39,Finance,Once
Matthias Tomaselli,mtomaselliqy@redcross.org,Male,Indonesia,$2488256.34,Finance,Weekly
Herbie Steuhlmeyer,hsteuhlmeyerqz@psu.edu,Polygender,United States,$6284651.32,n/a,Often
Reggy Strickett,rstrickettr0@163.com,Male,Russia,$8289349.65,n/a,Daily
Tomi Goadbie,,Female,China,$2405411.92,Capital Goods,Often
Frank Lampitt,,Female,Portugal,$1996319.66,Finance,Never
Sioux Wenderoth,swenderothr3@wikimedia.org,Female,Morocco,$7413044.39,n/a,Daily
Margeaux Mulderrig,mmulderrigr4@chicagotribune.com,Female,Luxembourg,$8728762.59,Public Utilities,Monthly
Magda Creamen,mcreamenr5@multiply.com,Female,Poland,$9275836.41,Finance,Seldom
Markos Olivi,molivir6@icq.com,Male,Brazil,$7421201.39,n/a,Monthly
Vally Dood,,Female,Mexico,$3254403.64,Energy,Never
Genny Lough,gloughr8@tamu.edu,Female,Bolivia,$1057415.09,Energy,Monthly
Krystle McBean,kmcbeanr9@theglobeandmail.com,Female,Chad,$8076029.57,n/a,Monthly
Lissie McCardle,lmccardlera@japanpost.jp,Agender,Portugal,$9223201.23,Health Care,Daily
Jacquenetta Struys,jstruysrb@washingtonpost.com,Female,Portugal,$7597259.64,Consumer Non-Durables,Seldom
Genna Bougourd,gbougourdrc@xing.com,Agender,Russia,$881626.79,Energy,Often
Darb Clethro,dclethrord@spotify.com,Male,Ukraine,$6926326.12,Finance,Often
Sarena Drivers,sdriversre@w3.org,Female,Brazil,$3026991.64,Consumer Services,Never
Padriac Pethrick,ppethrickrf@utexas.edu,Male,Ecuador,$7967546.21,Consumer Services,Seldom
Aurelea Criple,acriplerg@house.gov,Female,Philippines,$9022444.39,Energy,Often
Maisey Sicily,msicilyrh@cisco.com,Female,Peru,$2647291.51,Consumer Durables,Never
Pancho D'Alesco,pdalescori@comcast.net,Male,Yemen,$9324530.14,Finance,Daily
Valdemar Loveitt,vloveittrj@ow.ly,Male,Indonesia,$9373003.25,Capital Goods,Often
Franciska Questier,,Female,Philippines,$3926118.97,Basic Industries,Weekly
Winnah Blackeby,wblackebyrl@soup.io,Female,Fiji,$2626261.10,Consumer Services,Never
Caddric Highwood,,Male,China,$1281262.21,Capital Goods,Never
Jackie MacAiline,jmacailinern@goo.ne.jp,Female,Canada,$7073861.52,Technology,Weekly
Kerry Wittier,kwittierro@bandcamp.com,Male,China,$5959127.93,Consumer Services,Weekly
Zaccaria Pinard,zpinardrp@studiopress.com,Male,Poland,$2305886.94,Consumer Services,Monthly
Emmerich Garrelts,egarreltsrq@wikispaces.com,Male,China,$8552957.87,n/a,Daily
Marsha Maskelyne,mmaskelynerr@de.vu,Female,United States,$393838.21,Finance,Monthly
